pref_label,uri,notation,description,alt_labels,in_schemes,broader,narrower
Accessibility,http://data.jrc.ec.europa.eu/ontology/cybersecurity/accessibility,accessibility,,,http://data.jrc.ec.europa.eu/ontology/cybersecurity/cybersecurity-taxonomy; http://data.jrc.ec.europa.eu/ontology/cybersecurity/knowledge_domain,http://data.jrc.ec.europa.eu/ontology/cybersecurity/human_aspects,
Algorithmic auditability and accountability,http://data.jrc.ec.europa.eu/ontology/cybersecurity/algorithmic_auditability_accountability,algorithmic_auditability_accountability,,,http://data.jrc.ec.europa.eu/ontology/cybersecurity/cybersecurity-taxonomy; http://data.jrc.ec.europa.eu/ontology/cybersecurity/knowledge_domain,http://data.jrc.ec.europa.eu/ontology/cybersecurity/trust_management_accountability,
"Anonymity, pseudonymity, unlinkability, undetectability, or unobservability",http://data.jrc.ec.europa.eu/ontology/cybersecurity/anonimity_pseudonimity,anonimity_pseudonimity,,,http://data.jrc.ec.europa.eu/ontology/cybersecurity/cybersecurity-taxonomy; http://data.jrc.ec.europa.eu/ontology/cybersecurity/knowledge_domain,http://data.jrc.ec.europa.eu/ontology/cybersecurity/data_security_privacy,
Anti-forensics and malware analytics,http://data.jrc.ec.europa.eu/ontology/cybersecurity/anti-forensics_malware_analytics,anti-forensics_malware_analytics,,,http://data.jrc.ec.europa.eu/ontology/cybersecurity/cybersecurity-taxonomy; http://data.jrc.ec.europa.eu/ontology/cybersecurity/knowledge_domain,http://data.jrc.ec.europa.eu/ontology/cybersecurity/incident_handling_digital_forensics,
Artificial intelligence,http://data.jrc.ec.europa.eu/ontology/cybersecurity/artificial_intelligence,artificial_intelligence,,,http://data.jrc.ec.europa.eu/ontology/cybersecurity/cybersecurity-taxonomy; http://data.jrc.ec.europa.eu/ontology/cybersecurity/technology,,
Assessment,http://data.jrc.ec.europa.eu/ontology/cybersecurity/assessment,assessment,,,http://data.jrc.ec.europa.eu/ontology/cybersecurity/cybersecurity-taxonomy; http://data.jrc.ec.europa.eu/ontology/cybersecurity/knowledge_domain,http://data.jrc.ec.europa.eu/ontology/cybersecurity/assurance_audit_certification,
Assessment of information security effectiveness and degrees of control,http://data.jrc.ec.europa.eu/ontology/cybersecurity/assessment_information_security_effectiveness_degrees_control,assessment_information_security_effectiveness_degrees_control,,,http://data.jrc.ec.europa.eu/ontology/cybersecurity/cybersecurity-taxonomy; http://data.jrc.ec.europa.eu/ontology/cybersecurity/knowledge_domain,http://data.jrc.ec.europa.eu/ontology/cybersecurity/security_management_governance,
Assurance,http://data.jrc.ec.europa.eu/ontology/cybersecurity/assurance,assurance,,,http://data.jrc.ec.europa.eu/ontology/cybersecurity/cybersecurity-taxonomy; http://data.jrc.ec.europa.eu/ontology/cybersecurity/knowledge_domain,http://data.jrc.ec.europa.eu/ontology/cybersecurity/assurance_audit_certification,
"Assurance, Audit, and Certification",http://data.jrc.ec.europa.eu/ontology/cybersecurity/assurance_audit_certification,assurance_audit_certification,"This domain refers to the methodologies, frameworks and tools that provide ground for having confidence that a system,software, service, process or network is working or has been designed to operate at the desired security target or according to a defined security policy.",,http://data.jrc.ec.europa.eu/ontology/cybersecurity/cybersecurity-taxonomy; http://data.jrc.ec.europa.eu/ontology/cybersecurity/knowledge_domain,,http://data.jrc.ec.europa.eu/ontology/cybersecurity/assessment; http://data.jrc.ec.europa.eu/ontology/cybersecurity/assurance; http://data.jrc.ec.europa.eu/ontology/cybersecurity/audit; http://data.jrc.ec.europa.eu/ontology/cybersecurity/certification
Asymmetric cryptography,http://data.jrc.ec.europa.eu/ontology/cybersecurity/asymmetric_cryptography,asymmetric_cryptography,,,http://data.jrc.ec.europa.eu/ontology/cybersecurity/cybersecurity-taxonomy; http://data.jrc.ec.europa.eu/ontology/cybersecurity/knowledge_domain,http://data.jrc.ec.europa.eu/ontology/cybersecurity/cryptology,
"Attack modelling, techniques, and countermeasures",http://data.jrc.ec.europa.eu/ontology/cybersecurity/attack_modelling_techniques_countermeasures,attack_modelling_techniques_countermeasures,,,http://data.jrc.ec.europa.eu/ontology/cybersecurity/cybersecurity-taxonomy; http://data.jrc.ec.europa.eu/ontology/cybersecurity/knowledge_domain,http://data.jrc.ec.europa.eu/ontology/cybersecurity/security_management_governance,
Attack techniques,http://data.jrc.ec.europa.eu/ontology/cybersecurity/attack_techniques,attack_techniques,,,http://data.jrc.ec.europa.eu/ontology/cybersecurity/cybersecurity-taxonomy; http://data.jrc.ec.europa.eu/ontology/cybersecurity/knowledge_domain,http://data.jrc.ec.europa.eu/ontology/cybersecurity/software_hardware_security_engineering,
Audiovisual and media,http://data.jrc.ec.europa.eu/ontology/cybersecurity/audiovisual_media,audiovisual_media,"Traditional media services such as radio, television and cinema but also new media ranging from digital publications to online services including social networks.",,http://data.jrc.ec.europa.eu/ontology/cybersecurity/cybersecurity-taxonomy; http://data.jrc.ec.europa.eu/ontology/cybersecurity/sector,,
Audit,http://data.jrc.ec.europa.eu/ontology/cybersecurity/audit,audit,,,http://data.jrc.ec.europa.eu/ontology/cybersecurity/cybersecurity-taxonomy; http://data.jrc.ec.europa.eu/ontology/cybersecurity/knowledge_domain,http://data.jrc.ec.europa.eu/ontology/cybersecurity/assurance_audit_certification,
Automating security functionality,http://data.jrc.ec.europa.eu/ontology/cybersecurity/automating_security_functionality,automating_security_functionality,,,http://data.jrc.ec.europa.eu/ontology/cybersecurity/cybersecurity-taxonomy; http://data.jrc.ec.europa.eu/ontology/cybersecurity/knowledge_domain,http://data.jrc.ec.europa.eu/ontology/cybersecurity/human_aspects,
Big data,http://data.jrc.ec.europa.eu/ontology/cybersecurity/big_data,big_data,,,http://data.jrc.ec.europa.eu/ontology/cybersecurity/cybersecurity-taxonomy; http://data.jrc.ec.europa.eu/ontology/cybersecurity/technology,,
"Biometric methods, technologies and tools",http://data.jrc.ec.europa.eu/ontology/cybersecurity/biometric_methods_technologies_tools,biometric_methods_technologies_tools,,,http://data.jrc.ec.europa.eu/ontology/cybersecurity/cybersecurity-taxonomy; http://data.jrc.ec.europa.eu/ontology/cybersecurity/knowledge_domain,http://data.jrc.ec.europa.eu/ontology/cybersecurity/identity_management,
Blockchain and Distributed Ledger Technology,http://data.jrc.ec.europa.eu/ontology/cybersecurity/blockchain_dlt,blockchain_dlt,,DLT,http://data.jrc.ec.europa.eu/ontology/cybersecurity/cybersecurity-taxonomy; http://data.jrc.ec.europa.eu/ontology/cybersecurity/technology,,
Border and external security,http://data.jrc.ec.europa.eu/ontology/cybersecurity/border_external_security,border_external_security,,,http://data.jrc.ec.europa.eu/ontology/cybersecurity/cybersecurity-taxonomy; http://data.jrc.ec.europa.eu/ontology/cybersecurity/use_case,,
Capability maturity models,http://data.jrc.ec.europa.eu/ontology/cybersecurity/capability_maturity_models,capability_maturity_models,,,http://data.jrc.ec.europa.eu/ontology/cybersecurity/cybersecurity-taxonomy; http://data.jrc.ec.europa.eu/ontology/cybersecurity/knowledge_domain,http://data.jrc.ec.europa.eu/ontology/cybersecurity/security_management_governance,
Certification,http://data.jrc.ec.europa.eu/ontology/cybersecurity/certification,certification,,,http://data.jrc.ec.europa.eu/ontology/cybersecurity/cybersecurity-taxonomy; http://data.jrc.ec.europa.eu/ontology/cybersecurity/knowledge_domain,http://data.jrc.ec.europa.eu/ontology/cybersecurity/assurance_audit_certification,
Chemical,http://data.jrc.ec.europa.eu/ontology/cybersecurity/chemical,chemical,"Includes companies and organisations that produce industrial and consumer chemicals of any sort including petrochemicals, polymers, and basic inorganics.",,http://data.jrc.ec.europa.eu/ontology/cybersecurity/cybersecurity-taxonomy; http://data.jrc.ec.europa.eu/ontology/cybersecurity/sector,,
Citizen cooperation and reporting,http://data.jrc.ec.europa.eu/ontology/cybersecurity/citizen_cooperation_reporting,citizen_cooperation_reporting,,,http://data.jrc.ec.europa.eu/ontology/cybersecurity/cybersecurity-taxonomy; http://data.jrc.ec.europa.eu/ontology/cybersecurity/knowledge_domain,http://data.jrc.ec.europa.eu/ontology/cybersecurity/incident_handling_digital_forensics,
"Cloud, Edge and Virtualisation",http://data.jrc.ec.europa.eu/ontology/cybersecurity/cloud_edge_virtualisation,cloud_edge_virtualisation,,,http://data.jrc.ec.europa.eu/ontology/cybersecurity/cybersecurity-taxonomy; http://data.jrc.ec.europa.eu/ontology/cybersecurity/technology,,
"Compliance with information security and privacy policies, procedures, and regulations",http://data.jrc.ec.europa.eu/ontology/cybersecurity/compliance_security_privacy_policies_procedures_regulations,compliance_security_privacy_policies_procedures_regulations,,,http://data.jrc.ec.europa.eu/ontology/cybersecurity/cybersecurity-taxonomy; http://data.jrc.ec.europa.eu/ontology/cybersecurity/knowledge_domain,http://data.jrc.ec.europa.eu/ontology/cybersecurity/security_management_governance,
Computer ethics and security,http://data.jrc.ec.europa.eu/ontology/cybersecurity/computer_ethics_security,computer_ethics_security,,,http://data.jrc.ec.europa.eu/ontology/cybersecurity/cybersecurity-taxonomy; http://data.jrc.ec.europa.eu/ontology/cybersecurity/knowledge_domain,http://data.jrc.ec.europa.eu/ontology/cybersecurity/human_aspects,
Coordination and information sharing in the context of cross-border/organizational incidents,http://data.jrc.ec.europa.eu/ontology/cybersecurity/coordination_information_sharing_cross-border-organizational_incidents,coordination_information_sharing_cross-border-organizational_incidents,,,http://data.jrc.ec.europa.eu/ontology/cybersecurity/cybersecurity-taxonomy; http://data.jrc.ec.europa.eu/ontology/cybersecurity/knowledge_domain,http://data.jrc.ec.europa.eu/ontology/cybersecurity/incident_handling_digital_forensics,
Critical Infrastructure Protection,http://data.jrc.ec.europa.eu/ontology/cybersecurity/critical_infrastructure_protection,critical_infrastructure_protection,,CIP,http://data.jrc.ec.europa.eu/ontology/cybersecurity/cybersecurity-taxonomy; http://data.jrc.ec.europa.eu/ontology/cybersecurity/use_case,,
"Cryptanalysis methodologies, techniques and tools",http://data.jrc.ec.europa.eu/ontology/cybersecurity/cryptanalysis_methodologies_techniques_tools,cryptanalysis_methodologies_techniques_tools,,,http://data.jrc.ec.europa.eu/ontology/cybersecurity/cybersecurity-taxonomy; http://data.jrc.ec.europa.eu/ontology/cybersecurity/knowledge_domain,http://data.jrc.ec.europa.eu/ontology/cybersecurity/cryptology,
Crypto material management,http://data.jrc.ec.europa.eu/ontology/cybersecurity/cryptomaterial_management,cryptomaterial_management,,,http://data.jrc.ec.europa.eu/ontology/cybersecurity/cybersecurity-taxonomy; http://data.jrc.ec.europa.eu/ontology/cybersecurity/knowledge_domain,http://data.jrc.ec.europa.eu/ontology/cybersecurity/cryptology,
Cryptology,http://data.jrc.ec.europa.eu/ontology/cybersecurity/cryptology,cryptology,"Cryptology groups together by definition of Cryptography and Cryptanalysis. For the scope of this taxonomy, under this sub-domain fall the mathematical aspects of cryptology, the algorithmic aspects, their technical implementation and infrastructural architectures as well as the implementation of cryptanalytic methodologies, techniques and tools. Furthermore, this domain also considers digital steganography, which is a technique for concealing information in a particular digital format.",Cryptography and Cryptanalysis,http://data.jrc.ec.europa.eu/ontology/cybersecurity/cybersecurity-taxonomy; http://data.jrc.ec.europa.eu/ontology/cybersecurity/knowledge_domain,,http://data.jrc.ec.europa.eu/ontology/cybersecurity/asymmetric_cryptography; http://data.jrc.ec.europa.eu/ontology/cybersecurity/cryptanalysis_methodologies_techniques_tools; http://data.jrc.ec.europa.eu/ontology/cybersecurity/cryptography_mathematical_foundations; http://data.jrc.ec.europa.eu/ontology/cybersecurity/cryptomaterial_management; http://data.jrc.ec.europa.eu/ontology/cybersecurity/digital_signatures; http://data.jrc.ec.europa.eu/ontology/cybersecurity/functional_encryption; http://data.jrc.ec.europa.eu/ontology/cybersecurity/hash_functions; http://data.jrc.ec.europa.eu/ontology/cybersecurity/homomorphic_encryption; http://data.jrc.ec.europa.eu/ontology/cybersecurity/message_authentication; http://data.jrc.ec.europa.eu/ontology/cybersecurity/post-quantum_cryptography; http://data.jrc.ec.europa.eu/ontology/cybersecurity/quantum_cryptography; http://data.jrc.ec.europa.eu/ontology/cybersecurity/random_number_generation; http://data.jrc.ec.europa.eu/ontology/cybersecurity/secure_multi-party_computation; http://data.jrc.ec.europa.eu/ontology/cybersecurity/symmetric_cyptography
"Cyber ranges, Capture the Flag exercises, simulation platforms, educational/training tools, cybersecurity awareness",http://data.jrc.ec.europa.eu/ontology/cybersecurity/cyberranges_capturetheflag_education-training-tools_awareness,cyberranges_capturetheflag_education-training-tools_awareness,,,http://data.jrc.ec.europa.eu/ontology/cybersecurity/cybersecurity-taxonomy; http://data.jrc.ec.europa.eu/ontology/cybersecurity/knowledge_domain,http://data.jrc.ec.europa.eu/ontology/cybersecurity/education_training,
Cybercrime prosecution and law enforcement,http://data.jrc.ec.europa.eu/ontology/cybersecurity/cybercrime_prosecution_law_enforcement,cybercrime_prosecution_law_enforcement,,,http://data.jrc.ec.europa.eu/ontology/cybersecurity/cybersecurity-taxonomy; http://data.jrc.ec.europa.eu/ontology/cybersecurity/knowledge_domain,http://data.jrc.ec.europa.eu/ontology/cybersecurity/legal,
Cyberpsychology,http://data.jrc.ec.europa.eu/ontology/cybersecurity/cyberpsychology,cyberpsychology,,,http://data.jrc.ec.europa.eu/ontology/cybersecurity/cybersecurity-taxonomy; http://data.jrc.ec.europa.eu/ontology/cybersecurity/knowledge_domain,http://data.jrc.ec.europa.eu/ontology/cybersecurity/human_aspects,
Cybersecurity and cyber-safety co-engineering,http://data.jrc.ec.europa.eu/ontology/cybersecurity/cybersecurity_cybersafety_co-engineering,cybersecurity_cybersafety_co-engineering,,,http://data.jrc.ec.europa.eu/ontology/cybersecurity/cybersecurity-taxonomy; http://data.jrc.ec.europa.eu/ontology/cybersecurity/knowledge_domain,http://data.jrc.ec.europa.eu/ontology/cybersecurity/software_hardware_security_engineering,
"Cybersecurity concepts, definitions, ontologies, taxonomies, foundational aspects",http://data.jrc.ec.europa.eu/ontology/cybersecurity/cybersecurity_concepts_ontologies_taxonomies_foundations,cybersecurity_concepts_ontologies_taxonomies_foundations,,,http://data.jrc.ec.europa.eu/ontology/cybersecurity/cybersecurity-taxonomy; http://data.jrc.ec.europa.eu/ontology/cybersecurity/knowledge_domain,http://data.jrc.ec.europa.eu/ontology/cybersecurity/theoretical_foundations,
Cybersecurity profiling,http://data.jrc.ec.europa.eu/ontology/cybersecurity/cybersecurity_profiling,cybersecurity_profiling,,,http://data.jrc.ec.europa.eu/ontology/cybersecurity/cybersecurity-taxonomy; http://data.jrc.ec.europa.eu/ontology/cybersecurity/knowledge_domain,http://data.jrc.ec.europa.eu/ontology/cybersecurity/human_aspects,
Cybersecurity regulation analysis and design,http://data.jrc.ec.europa.eu/ontology/cybersecurity/cybersecurity_regulation_analysis_design,cybersecurity_regulation_analysis_design,,,http://data.jrc.ec.europa.eu/ontology/cybersecurity/cybersecurity-taxonomy; http://data.jrc.ec.europa.eu/ontology/cybersecurity/knowledge_domain,http://data.jrc.ec.europa.eu/ontology/cybersecurity/legal,
Cybersecurity uncertainty models,http://data.jrc.ec.europa.eu/ontology/cybersecurity/cybersecurity_uncertainty_models,cybersecurity_uncertainty_models,,,http://data.jrc.ec.europa.eu/ontology/cybersecurity/cybersecurity-taxonomy; http://data.jrc.ec.europa.eu/ontology/cybersecurity/knowledge_domain,http://data.jrc.ec.europa.eu/ontology/cybersecurity/theoretical_foundations,
Cybersecurity-aware culture,http://data.jrc.ec.europa.eu/ontology/cybersecurity/cybersecurity-aware_culture,cybersecurity-aware_culture,,,http://data.jrc.ec.europa.eu/ontology/cybersecurity/cybersecurity-taxonomy; http://data.jrc.ec.europa.eu/ontology/cybersecurity/knowledge_domain,http://data.jrc.ec.europa.eu/ontology/cybersecurity/education_training,
Data Security and Privacy,http://data.jrc.ec.europa.eu/ontology/cybersecurity/data_security_privacy,data_security_privacy,This domain includes security and privacy issues related to data in order to (a) reduce by design privacy and confidentiality risks without impairing data processing purposes or (b) by preventing misuse of data after it is accessed by authorized entities.,,http://data.jrc.ec.europa.eu/ontology/cybersecurity/cybersecurity-taxonomy; http://data.jrc.ec.europa.eu/ontology/cybersecurity/knowledge_domain,,http://data.jrc.ec.europa.eu/ontology/cybersecurity/anonimity_pseudonimity; http://data.jrc.ec.europa.eu/ontology/cybersecurity/data_integrity; http://data.jrc.ec.europa.eu/ontology/cybersecurity/data_usage_control; http://data.jrc.ec.europa.eu/ontology/cybersecurity/development_operations_data_management_systems; http://data.jrc.ec.europa.eu/ontology/cybersecurity/digital_rights_management; http://data.jrc.ec.europa.eu/ontology/cybersecurity/eavesdropping_techniques; http://data.jrc.ec.europa.eu/ontology/cybersecurity/privacy_enhancing_technologies; http://data.jrc.ec.europa.eu/ontology/cybersecurity/privacy_requirements_data_management_systems; http://data.jrc.ec.europa.eu/ontology/cybersecurity/risk_analysis_attacks_deanonymization_reidentification
Data integrity,http://data.jrc.ec.europa.eu/ontology/cybersecurity/data_integrity,data_integrity,,,http://data.jrc.ec.europa.eu/ontology/cybersecurity/cybersecurity-taxonomy; http://data.jrc.ec.europa.eu/ontology/cybersecurity/knowledge_domain,http://data.jrc.ec.europa.eu/ontology/cybersecurity/data_security_privacy,
Data usage control,http://data.jrc.ec.europa.eu/ontology/cybersecurity/data_usage_control,data_usage_control,,,http://data.jrc.ec.europa.eu/ontology/cybersecurity/cybersecurity-taxonomy; http://data.jrc.ec.europa.eu/ontology/cybersecurity/knowledge_domain,http://data.jrc.ec.europa.eu/ontology/cybersecurity/data_security_privacy,
Defence,http://data.jrc.ec.europa.eu/ontology/cybersecurity/defence,defence,"The activities and infrastructure required for protecting citizens, including the use of aeronautics, space, electronics, land or telecommunication systems.",,http://data.jrc.ec.europa.eu/ontology/cybersecurity/cybersecurity-taxonomy; http://data.jrc.ec.europa.eu/ontology/cybersecurity/sector,,
"Design, implementation, and operation of data management systems that include security and privacy functions",http://data.jrc.ec.europa.eu/ontology/cybersecurity/development_operations_data_management_systems,development_operations_data_management_systems,,,http://data.jrc.ec.europa.eu/ontology/cybersecurity/cybersecurity-taxonomy; http://data.jrc.ec.europa.eu/ontology/cybersecurity/knowledge_domain,http://data.jrc.ec.europa.eu/ontology/cybersecurity/data_security_privacy,
Digital Rights Management,http://data.jrc.ec.europa.eu/ontology/cybersecurity/digital_rights_management,digital_rights_management,,DRM,http://data.jrc.ec.europa.eu/ontology/cybersecurity/cybersecurity-taxonomy; http://data.jrc.ec.europa.eu/ontology/cybersecurity/knowledge_domain,http://data.jrc.ec.europa.eu/ontology/cybersecurity/data_security_privacy,
Digital Services and Platforms,http://data.jrc.ec.europa.eu/ontology/cybersecurity/digital_services_platforms,digital_services_platforms,Includes companies that provide digital services and platforms including cloud services for data storage and web service providers.,,http://data.jrc.ec.europa.eu/ontology/cybersecurity/cybersecurity-taxonomy; http://data.jrc.ec.europa.eu/ontology/cybersecurity/sector,,
Digital forensic case studies,http://data.jrc.ec.europa.eu/ontology/cybersecurity/digital_forensics_case_studies,digital_forensics_case_studies,,,http://data.jrc.ec.europa.eu/ontology/cybersecurity/cybersecurity-taxonomy; http://data.jrc.ec.europa.eu/ontology/cybersecurity/knowledge_domain,http://data.jrc.ec.europa.eu/ontology/cybersecurity/incident_handling_digital_forensics,
Digital forensic processes and workflow models,http://data.jrc.ec.europa.eu/ontology/cybersecurity/digital_forensic_processes_worklfow_models,digital_forensic_processes_worklfow_models,,,http://data.jrc.ec.europa.eu/ontology/cybersecurity/cybersecurity-taxonomy; http://data.jrc.ec.europa.eu/ontology/cybersecurity/knowledge_domain,http://data.jrc.ec.europa.eu/ontology/cybersecurity/incident_handling_digital_forensics,
Digital signatures,http://data.jrc.ec.europa.eu/ontology/cybersecurity/digital_signatures,digital_signatures,,,http://data.jrc.ec.europa.eu/ontology/cybersecurity/cybersecurity-taxonomy; http://data.jrc.ec.europa.eu/ontology/cybersecurity/knowledge_domain,http://data.jrc.ec.europa.eu/ontology/cybersecurity/cryptology,
Digital watermarking,http://data.jrc.ec.europa.eu/ontology/cybersecurity/digital_watermarking,digital_watermarking,,,http://data.jrc.ec.europa.eu/ontology/cybersecurity/cybersecurity-taxonomy; http://data.jrc.ec.europa.eu/ontology/cybersecurity/knowledge_domain,http://data.jrc.ec.europa.eu/ontology/cybersecurity/steganography_steganalysis_watermarking,
Disaster resilience and crisis management,http://data.jrc.ec.europa.eu/ontology/cybersecurity/disaster_resilience_crisis_management,disaster_resilience_crisis_management,,,http://data.jrc.ec.europa.eu/ontology/cybersecurity/cybersecurity-taxonomy; http://data.jrc.ec.europa.eu/ontology/cybersecurity/use_case,,
Distributed consensus techniques,http://data.jrc.ec.europa.eu/ontology/cybersecurity/distributed_consensus_techniques,distributed_consensus_techniques,,,http://data.jrc.ec.europa.eu/ontology/cybersecurity/cybersecurity-taxonomy; http://data.jrc.ec.europa.eu/ontology/cybersecurity/knowledge_domain,http://data.jrc.ec.europa.eu/ontology/cybersecurity/network_distributed_systems,
Distributed systems security,http://data.jrc.ec.europa.eu/ontology/cybersecurity/distributed_systems_security,distributed_systems_security,,,http://data.jrc.ec.europa.eu/ontology/cybersecurity/cybersecurity-taxonomy; http://data.jrc.ec.europa.eu/ontology/cybersecurity/knowledge_domain,http://data.jrc.ec.europa.eu/ontology/cybersecurity/network_distributed_systems,
Distributed systems security analysis and simulation,http://data.jrc.ec.europa.eu/ontology/cybersecurity/distributed_systems_security_analysis_simulation,distributed_systems_security_analysis_simulation,,,http://data.jrc.ec.europa.eu/ontology/cybersecurity/cybersecurity-taxonomy; http://data.jrc.ec.europa.eu/ontology/cybersecurity/knowledge_domain,http://data.jrc.ec.europa.eu/ontology/cybersecurity/network_distributed_systems,
Eavesdropping techniques,http://data.jrc.ec.europa.eu/ontology/cybersecurity/eavesdropping_techniques,eavesdropping_techniques,,,http://data.jrc.ec.europa.eu/ontology/cybersecurity/cybersecurity-taxonomy; http://data.jrc.ec.europa.eu/ontology/cybersecurity/knowledge_domain,http://data.jrc.ec.europa.eu/ontology/cybersecurity/data_security_privacy,
Economic aspects of the cybersecurity ecosystem,http://data.jrc.ec.europa.eu/ontology/cybersecurity/cybersecurity_economic_aspects,cybersecurity_economic_aspects,,,http://data.jrc.ec.europa.eu/ontology/cybersecurity/cybersecurity-taxonomy; http://data.jrc.ec.europa.eu/ontology/cybersecurity/knowledge_domain,http://data.jrc.ec.europa.eu/ontology/cybersecurity/security_management_governance,
Education and Training,http://data.jrc.ec.europa.eu/ontology/cybersecurity/education_training,education_training,"The learning process of acquiring knowledge, know-how, skills and/or competences necessary to protect network and information systems, their users, and affected persons from cyber threats.",,http://data.jrc.ec.europa.eu/ontology/cybersecurity/cybersecurity-taxonomy; http://data.jrc.ec.europa.eu/ontology/cybersecurity/knowledge_domain,,http://data.jrc.ec.europa.eu/ontology/cybersecurity/cyberranges_capturetheflag_education-training-tools_awareness; http://data.jrc.ec.europa.eu/ontology/cybersecurity/cybersecurity-aware_culture; http://data.jrc.ec.europa.eu/ontology/cybersecurity/education_methodology; http://data.jrc.ec.europa.eu/ontology/cybersecurity/higher_education; http://data.jrc.ec.europa.eu/ontology/cybersecurity/professional_training; http://data.jrc.ec.europa.eu/ontology/cybersecurity/vocational_training
Education methodology,http://data.jrc.ec.europa.eu/ontology/cybersecurity/education_methodology,education_methodology,,,http://data.jrc.ec.europa.eu/ontology/cybersecurity/cybersecurity-taxonomy; http://data.jrc.ec.europa.eu/ontology/cybersecurity/knowledge_domain,http://data.jrc.ec.europa.eu/ontology/cybersecurity/education_training,
Energy,http://data.jrc.ec.europa.eu/ontology/cybersecurity/energy,energy,"Includes the companies and organisations intended to produce and distribute energy, including electricity, oil or gas. It comprises the required infrastructure for these activities, such as distribution/storage/transmission system operators, energy production operators, or smart meters and equipment.",,http://data.jrc.ec.europa.eu/ontology/cybersecurity/cybersecurity-taxonomy; http://data.jrc.ec.europa.eu/ontology/cybersecurity/sector,,
Enhancing risk perception,http://data.jrc.ec.europa.eu/ontology/cybersecurity/enhancing_risk_perception,enhancing_risk_perception,,,http://data.jrc.ec.europa.eu/ontology/cybersecurity/cybersecurity-taxonomy; http://data.jrc.ec.europa.eu/ontology/cybersecurity/knowledge_domain,http://data.jrc.ec.europa.eu/ontology/cybersecurity/human_aspects,
Fault injection testing and analysis,http://data.jrc.ec.europa.eu/ontology/cybersecurity/fault_injection_testing_analysis,fault_injection_testing_analysis,,,http://data.jrc.ec.europa.eu/ontology/cybersecurity/cybersecurity-taxonomy; http://data.jrc.ec.europa.eu/ontology/cybersecurity/knowledge_domain,http://data.jrc.ec.europa.eu/ontology/cybersecurity/software_hardware_security_engineering,
Fault tolerant models,http://data.jrc.ec.europa.eu/ontology/cybersecurity/fault_tolerant_models,fault_tolerant_models,,,http://data.jrc.ec.europa.eu/ontology/cybersecurity/cybersecurity-taxonomy; http://data.jrc.ec.europa.eu/ontology/cybersecurity/knowledge_domain,http://data.jrc.ec.europa.eu/ontology/cybersecurity/network_distributed_systems,
Fight against crime and terrorism,http://data.jrc.ec.europa.eu/ontology/cybersecurity/fight_against_crime_terrorism,fight_against_crime_terrorism,,,http://data.jrc.ec.europa.eu/ontology/cybersecurity/cybersecurity-taxonomy; http://data.jrc.ec.europa.eu/ontology/cybersecurity/use_case,,
Financial,http://data.jrc.ec.europa.eu/ontology/cybersecurity/financial,financial,"Includes institutions that provide financial services, such as banking, insurance or brokerage services.",,http://data.jrc.ec.europa.eu/ontology/cybersecurity/cybersecurity-taxonomy; http://data.jrc.ec.europa.eu/ontology/cybersecurity/sector,,
Food and drink,http://data.jrc.ec.europa.eu/ontology/cybersecurity/food_drink,food_drink,Includes activities to ensure the production and delivery of safe food/drink and to improve the supply chain. Some of these initiatives include the use of new technological enablers to enhance agriculture and farming activities.,,http://data.jrc.ec.europa.eu/ontology/cybersecurity/cybersecurity-taxonomy; http://data.jrc.ec.europa.eu/ontology/cybersecurity/sector,,
Forensic cyberpsychology,http://data.jrc.ec.europa.eu/ontology/cybersecurity/forensic_cyberpsychology,forensic_cyberpsychology,,,http://data.jrc.ec.europa.eu/ontology/cybersecurity/cybersecurity-taxonomy; http://data.jrc.ec.europa.eu/ontology/cybersecurity/knowledge_domain,http://data.jrc.ec.europa.eu/ontology/cybersecurity/human_aspects,
Formal specification of various aspects of security,http://data.jrc.ec.europa.eu/ontology/cybersecurity/formal_specification_aspects_security,formal_specification_aspects_security,,,http://data.jrc.ec.europa.eu/ontology/cybersecurity/cybersecurity-taxonomy; http://data.jrc.ec.europa.eu/ontology/cybersecurity/knowledge_domain,http://data.jrc.ec.europa.eu/ontology/cybersecurity/theoretical_foundations,
"Formal specification, analysis, and verification of software and hardware",http://data.jrc.ec.europa.eu/ontology/cybersecurity/formal_specification_analysis_verification_software_hardware,formal_specification_analysis_verification_software_hardware,,,http://data.jrc.ec.europa.eu/ontology/cybersecurity/cybersecurity-taxonomy; http://data.jrc.ec.europa.eu/ontology/cybersecurity/knowledge_domain,http://data.jrc.ec.europa.eu/ontology/cybersecurity/theoretical_foundations,
Formal verification of security assurance,http://data.jrc.ec.europa.eu/ontology/cybersecurity/formal_verification_security_assurance,formal_verification_security_assurance,,,http://data.jrc.ec.europa.eu/ontology/cybersecurity/cybersecurity-taxonomy; http://data.jrc.ec.europa.eu/ontology/cybersecurity/knowledge_domain,http://data.jrc.ec.europa.eu/ontology/cybersecurity/theoretical_foundations,
Functional encryption,http://data.jrc.ec.europa.eu/ontology/cybersecurity/functional_encryption,functional_encryption,,,http://data.jrc.ec.europa.eu/ontology/cybersecurity/cybersecurity-taxonomy; http://data.jrc.ec.europa.eu/ontology/cybersecurity/knowledge_domain,http://data.jrc.ec.europa.eu/ontology/cybersecurity/cryptology,
Gamification,http://data.jrc.ec.europa.eu/ontology/cybersecurity/gamification,gamification,,,http://data.jrc.ec.europa.eu/ontology/cybersecurity/cybersecurity-taxonomy; http://data.jrc.ec.europa.eu/ontology/cybersecurity/knowledge_domain,http://data.jrc.ec.europa.eu/ontology/cybersecurity/human_aspects,
"Governance aspects of incident management, disaster recovery, business continuity",http://data.jrc.ec.europa.eu/ontology/cybersecurity/governance_incident-management_disaster-recovery_business-continuity,governance_incident-management_disaster-recovery_business-continuity,,,http://data.jrc.ec.europa.eu/ontology/cybersecurity/cybersecurity-taxonomy; http://data.jrc.ec.europa.eu/ontology/cybersecurity/knowledge_domain,http://data.jrc.ec.europa.eu/ontology/cybersecurity/security_management_governance,
Government,http://data.jrc.ec.europa.eu/ontology/cybersecurity/government,government,"The set of systems and activities to implement more efficient governmental services (e.g., eVoting, cybersecurity strategy, public policies, predictions and identification of trends), in order to increase transparency and citizens’ participation in political life. It also includes other government services (e.g. border security, fight against crime and terrorism).",,http://data.jrc.ec.europa.eu/ontology/cybersecurity/cybersecurity-taxonomy; http://data.jrc.ec.europa.eu/ontology/cybersecurity/sector,,
Hardware technology,http://data.jrc.ec.europa.eu/ontology/cybersecurity/hardware_technology,hardware_technology,,,http://data.jrc.ec.europa.eu/ontology/cybersecurity/cybersecurity-taxonomy; http://data.jrc.ec.europa.eu/ontology/cybersecurity/technology,,
Hash functions,http://data.jrc.ec.europa.eu/ontology/cybersecurity/hash_functions,hash_functions,,,http://data.jrc.ec.europa.eu/ontology/cybersecurity/cybersecurity-taxonomy; http://data.jrc.ec.europa.eu/ontology/cybersecurity/knowledge_domain,http://data.jrc.ec.europa.eu/ontology/cybersecurity/cryptology,
Health,http://data.jrc.ec.europa.eu/ontology/cybersecurity/health,health,"Includes the companies related to the manufacturing of medical devices (e.g., implantable medical devices), the pharmaceutical industry, as well as the healthcare settings, including hospital and private clinics. It also comprises the activities regarding the monitoring of chronic diseases and elderly people based on the integration of new technologies in the healthcare ecosystem (e.g. smart health).",,http://data.jrc.ec.europa.eu/ontology/cybersecurity/cybersecurity-taxonomy; http://data.jrc.ec.europa.eu/ontology/cybersecurity/sector,,
High-performance computing,http://data.jrc.ec.europa.eu/ontology/cybersecurity/high_performance_computing,high_performance_computing,,HPC,http://data.jrc.ec.europa.eu/ontology/cybersecurity/cybersecurity-taxonomy; http://data.jrc.ec.europa.eu/ontology/cybersecurity/technology,,
Higher Education,http://data.jrc.ec.europa.eu/ontology/cybersecurity/higher_education,higher_education,,,http://data.jrc.ec.europa.eu/ontology/cybersecurity/cybersecurity-taxonomy; http://data.jrc.ec.europa.eu/ontology/cybersecurity/knowledge_domain,http://data.jrc.ec.europa.eu/ontology/cybersecurity/education_training,
History of cybersecurity,http://data.jrc.ec.europa.eu/ontology/cybersecurity/history_cybersecurity,history_cybersecurity,,,http://data.jrc.ec.europa.eu/ontology/cybersecurity/cybersecurity-taxonomy; http://data.jrc.ec.europa.eu/ontology/cybersecurity/knowledge_domain,http://data.jrc.ec.europa.eu/ontology/cybersecurity/human_aspects,
Homomorphic encryption,http://data.jrc.ec.europa.eu/ontology/cybersecurity/homomorphic_encryption,homomorphic_encryption,,,http://data.jrc.ec.europa.eu/ontology/cybersecurity/cybersecurity-taxonomy; http://data.jrc.ec.europa.eu/ontology/cybersecurity/knowledge_domain,http://data.jrc.ec.europa.eu/ontology/cybersecurity/cryptology,
Human Machine Interface,http://data.jrc.ec.europa.eu/ontology/cybersecurity/human_machine_interface,human_machine_interface,,HMI,http://data.jrc.ec.europa.eu/ontology/cybersecurity/cybersecurity-taxonomy; http://data.jrc.ec.europa.eu/ontology/cybersecurity/technology,,
Human aspects,http://data.jrc.ec.europa.eu/ontology/cybersecurity/human_aspects,human_aspects,"The interplay between ethics, relevant laws, regulations, policies, standards, psychology and the human being within the cybersecurity realm.",,http://data.jrc.ec.europa.eu/ontology/cybersecurity/cybersecurity-taxonomy; http://data.jrc.ec.europa.eu/ontology/cybersecurity/knowledge_domain,,http://data.jrc.ec.europa.eu/ontology/cybersecurity/accessibility; http://data.jrc.ec.europa.eu/ontology/cybersecurity/automating_security_functionality; http://data.jrc.ec.europa.eu/ontology/cybersecurity/computer_ethics_security; http://data.jrc.ec.europa.eu/ontology/cybersecurity/cyberpsychology; http://data.jrc.ec.europa.eu/ontology/cybersecurity/cybersecurity_profiling; http://data.jrc.ec.europa.eu/ontology/cybersecurity/enhancing_risk_perception; http://data.jrc.ec.europa.eu/ontology/cybersecurity/forensic_cyberpsychology; http://data.jrc.ec.europa.eu/ontology/cybersecurity/gamification; http://data.jrc.ec.europa.eu/ontology/cybersecurity/history_cybersecurity; http://data.jrc.ec.europa.eu/ontology/cybersecurity/human-related_risks-threats; http://data.jrc.ec.europa.eu/ontology/cybersecurity/human_aspects_trust; http://data.jrc.ec.europa.eu/ontology/cybersecurity/human_perception_cybersecurity; http://data.jrc.ec.europa.eu/ontology/cybersecurity/non-intrusive_security; http://data.jrc.ec.europa.eu/ontology/cybersecurity/privacy_concerns_behaviours_practices; http://data.jrc.ec.europa.eu/ontology/cybersecurity/psychological-models_cognitive-processes; http://data.jrc.ec.europa.eu/ontology/cybersecurity/security_visualization; http://data.jrc.ec.europa.eu/ontology/cybersecurity/socio-technical_security; http://data.jrc.ec.europa.eu/ontology/cybersecurity/transparent_security; http://data.jrc.ec.europa.eu/ontology/cybersecurity/usability; http://data.jrc.ec.europa.eu/ontology/cybersecurity/user_acceptance_security_policies-technologies
Human aspects of trust,http://data.jrc.ec.europa.eu/ontology/cybersecurity/human_aspects_trust,human_aspects_trust,,,http://data.jrc.ec.europa.eu/ontology/cybersecurity/cybersecurity-taxonomy; http://data.jrc.ec.europa.eu/ontology/cybersecurity/knowledge_domain,http://data.jrc.ec.europa.eu/ontology/cybersecurity/human_aspects,
Human perception of cybersecurity,http://data.jrc.ec.europa.eu/ontology/cybersecurity/human_perception_cybersecurity,human_perception_cybersecurity,,,http://data.jrc.ec.europa.eu/ontology/cybersecurity/cybersecurity-taxonomy; http://data.jrc.ec.europa.eu/ontology/cybersecurity/knowledge_domain,http://data.jrc.ec.europa.eu/ontology/cybersecurity/human_aspects,
Human-related risks/threats,http://data.jrc.ec.europa.eu/ontology/cybersecurity/human-related_risks-threats,human-related_risks-threats,,,http://data.jrc.ec.europa.eu/ontology/cybersecurity/cybersecurity-taxonomy; http://data.jrc.ec.europa.eu/ontology/cybersecurity/knowledge_domain,http://data.jrc.ec.europa.eu/ontology/cybersecurity/human_aspects,
Identification of the impact of hardware and software changes on the management of Information Security,http://data.jrc.ec.europa.eu/ontology/cybersecurity/impact_hardware-software_changes_magement_information_security,impact_hardware-software_changes_magement_information_security,,,http://data.jrc.ec.europa.eu/ontology/cybersecurity/cybersecurity-taxonomy; http://data.jrc.ec.europa.eu/ontology/cybersecurity/knowledge_domain,http://data.jrc.ec.europa.eu/ontology/cybersecurity/security_management_governance,
Identity Management,http://data.jrc.ec.europa.eu/ontology/cybersecurity/identity_management,identity_management,"This domain covers processes and policies involved in managing the lifecycle and value, type and optional metadata of attributes in identities known in a particular domain. Furthermore, it also considers access management aspects including authentication, authorization and access control of individuals and smart objects when accessing resources. These concerns may include physical and digital elements of authentication systems and legal aspects related to compliance and law enforcement.",,http://data.jrc.ec.europa.eu/ontology/cybersecurity/cybersecurity-taxonomy; http://data.jrc.ec.europa.eu/ontology/cybersecurity/knowledge_domain,,"http://data.jrc.ec.europa.eu/ontology/cybersecurity/biometric_methods_technologies_tools; http://data.jrc.ec.europa.eu/ontology/cybersecurity/identity-attribute-management_models_frameworks_application_technologies_tools; http://data.jrc.ec.europa.eu/ontology/cybersecurity/identity-management_legal_aspects; http://data.jrc.ec.europa.eu/ontology/cybersecurity/identity-management_quality_assurance; http://data.jrc.ec.europa.eu/ontology/cybersecurity/optical_electronic_document_security; http://data.jrc.ec.europa.eu/ontology/cybersecurity/privacy_identity_management; http://data.jrc.ec.europa.eu/ontology/cybersecurity/protocols-frameworks_authentication,_authorizations_rights_management"
"Identity and attribute management models, frameworks, applications, technologies, and tools",http://data.jrc.ec.europa.eu/ontology/cybersecurity/identity-attribute-management_models_frameworks_application_technologies_tools,identity-attribute-management_models_frameworks_application_technologies_tools,,,http://data.jrc.ec.europa.eu/ontology/cybersecurity/cybersecurity-taxonomy; http://data.jrc.ec.europa.eu/ontology/cybersecurity/knowledge_domain,http://data.jrc.ec.europa.eu/ontology/cybersecurity/identity_management,
Identity and trust management,http://data.jrc.ec.europa.eu/ontology/cybersecurity/identity_trust_management,identity_trust_management,,,http://data.jrc.ec.europa.eu/ontology/cybersecurity/cybersecurity-taxonomy; http://data.jrc.ec.europa.eu/ontology/cybersecurity/knowledge_domain,http://data.jrc.ec.europa.eu/ontology/cybersecurity/trust_management_accountability,
Identity management quality assurance,http://data.jrc.ec.europa.eu/ontology/cybersecurity/identity-management_quality_assurance,identity-management_quality_assurance,,,http://data.jrc.ec.europa.eu/ontology/cybersecurity/cybersecurity-taxonomy; http://data.jrc.ec.europa.eu/ontology/cybersecurity/knowledge_domain,http://data.jrc.ec.europa.eu/ontology/cybersecurity/identity_management,
Incident Handling and Digital Forensics,http://data.jrc.ec.europa.eu/ontology/cybersecurity/incident_handling_digital_forensics,incident_handling_digital_forensics,"This domain refers to the theories, techniques, tools and processes for the identification, collection, acquisition and preservation of digital evidences",,http://data.jrc.ec.europa.eu/ontology/cybersecurity/cybersecurity-taxonomy; http://data.jrc.ec.europa.eu/ontology/cybersecurity/knowledge_domain,,http://data.jrc.ec.europa.eu/ontology/cybersecurity/anti-forensics_malware_analytics; http://data.jrc.ec.europa.eu/ontology/cybersecurity/citizen_cooperation_reporting; http://data.jrc.ec.europa.eu/ontology/cybersecurity/coordination_information_sharing_cross-border-organizational_incidents; http://data.jrc.ec.europa.eu/ontology/cybersecurity/digital-forensics_policy_issues; http://data.jrc.ec.europa.eu/ontology/cybersecurity/digital_forensic_processes_worklfow_models; http://data.jrc.ec.europa.eu/ontology/cybersecurity/digital_forensics_case_studies; http://data.jrc.ec.europa.eu/ontology/cybersecurity/incident-analysis_communication_documentation_forecasting_response_reporting; http://data.jrc.ec.europa.eu/ontology/cybersecurity/resilience_aspects; http://data.jrc.ec.europa.eu/ontology/cybersecurity/theories-techniques-tools_management_preservation_digital_evidence; http://data.jrc.ec.europa.eu/ontology/cybersecurity/vulnerability_analysis_response
"Incident analysis, communication, documentation, forecasting, response, and reporting",http://data.jrc.ec.europa.eu/ontology/cybersecurity/incident-analysis_communication_documentation_forecasting_response_reporting,incident-analysis_communication_documentation_forecasting_response_reporting,,,http://data.jrc.ec.europa.eu/ontology/cybersecurity/cybersecurity-taxonomy; http://data.jrc.ec.europa.eu/ontology/cybersecurity/knowledge_domain,http://data.jrc.ec.europa.eu/ontology/cybersecurity/incident_handling_digital_forensics,
Industrial IoT and Control Systems,http://data.jrc.ec.europa.eu/ontology/cybersecurity/industrial_iot_control_systems,industrial_iot_control_systems,,,http://data.jrc.ec.europa.eu/ontology/cybersecurity/cybersecurity-taxonomy; http://data.jrc.ec.europa.eu/ontology/cybersecurity/technology,,
"Information flow modelling and its application to confidentiality policies, composition of systems, and covert channel analysis",http://data.jrc.ec.europa.eu/ontology/cybersecurity/information_flow_modelling,information_flow_modelling,,,http://data.jrc.ec.europa.eu/ontology/cybersecurity/cybersecurity-taxonomy; http://data.jrc.ec.europa.eu/ontology/cybersecurity/knowledge_domain,http://data.jrc.ec.europa.eu/ontology/cybersecurity/theoretical_foundations,
Information systems,http://data.jrc.ec.europa.eu/ontology/cybersecurity/information_systems,information_systems,,,http://data.jrc.ec.europa.eu/ontology/cybersecurity/cybersecurity-taxonomy; http://data.jrc.ec.europa.eu/ontology/cybersecurity/technology,,
Intellectual property rights,http://data.jrc.ec.europa.eu/ontology/cybersecurity/intellectual_property_rights,intellectual_property_rights,,,http://data.jrc.ec.europa.eu/ontology/cybersecurity/cybersecurity-taxonomy; http://data.jrc.ec.europa.eu/ontology/cybersecurity/knowledge_domain,http://data.jrc.ec.europa.eu/ontology/cybersecurity/legal,
"Internet of Things, embedded systems, pervasive systems",http://data.jrc.ec.europa.eu/ontology/cybersecurity/iot_embedded_pervasive_systems,iot_embedded_pervasive_systems,,,http://data.jrc.ec.europa.eu/ontology/cybersecurity/cybersecurity-taxonomy; http://data.jrc.ec.europa.eu/ontology/cybersecurity/technology,,
Intrusion detection and honeypots,http://data.jrc.ec.europa.eu/ontology/cybersecurity/intrusion_detection_honeypots,intrusion_detection_honeypots,,,http://data.jrc.ec.europa.eu/ontology/cybersecurity/cybersecurity-taxonomy; http://data.jrc.ec.europa.eu/ontology/cybersecurity/knowledge_domain,http://data.jrc.ec.europa.eu/ontology/cybersecurity/software_hardware_security_engineering,
Investigations of computer crime (cybercrime) and security violations,http://data.jrc.ec.europa.eu/ontology/cybersecurity/investigations_computer_crime_security_violations,investigations_computer_crime_security_violations,,,http://data.jrc.ec.europa.eu/ontology/cybersecurity/cybersecurity-taxonomy; http://data.jrc.ec.europa.eu/ontology/cybersecurity/knowledge_domain,http://data.jrc.ec.europa.eu/ontology/cybersecurity/legal,
Legal and societal issues in information security,http://data.jrc.ec.europa.eu/ontology/cybersecurity/legal_societal_issues_information_security,legal_societal_issues_information_security,,,http://data.jrc.ec.europa.eu/ontology/cybersecurity/cybersecurity-taxonomy; http://data.jrc.ec.europa.eu/ontology/cybersecurity/knowledge_domain,http://data.jrc.ec.europa.eu/ontology/cybersecurity/legal,
Legal aspects,http://data.jrc.ec.europa.eu/ontology/cybersecurity/legal,legal,"This domain refers to the legal and ethical aspects related to the misuse of technology, illicit distribution and/or reproduction of material covered by IPR and the enforcement of law related to cybercrime and digital rights.",,http://data.jrc.ec.europa.eu/ontology/cybersecurity/cybersecurity-taxonomy; http://data.jrc.ec.europa.eu/ontology/cybersecurity/knowledge_domain,,http://data.jrc.ec.europa.eu/ontology/cybersecurity/cybercrime_prosecution_law_enforcement; http://data.jrc.ec.europa.eu/ontology/cybersecurity/cybersecurity_regulation_analysis_design; http://data.jrc.ec.europa.eu/ontology/cybersecurity/intellectual_property_rights; http://data.jrc.ec.europa.eu/ontology/cybersecurity/investigations_computer_crime_security_violations; http://data.jrc.ec.europa.eu/ontology/cybersecurity/legal_societal_issues_information_security
Legal aspects of identity management,http://data.jrc.ec.europa.eu/ontology/cybersecurity/identity-management_legal_aspects,identity-management_legal_aspects,,,http://data.jrc.ec.europa.eu/ontology/cybersecurity/cybersecurity-taxonomy; http://data.jrc.ec.europa.eu/ontology/cybersecurity/knowledge_domain,http://data.jrc.ec.europa.eu/ontology/cybersecurity/identity_management,
Local/wide area observation and surveillance,http://data.jrc.ec.europa.eu/ontology/cybersecurity/area_observation_surveillance,area_observation_surveillance,,,http://data.jrc.ec.europa.eu/ontology/cybersecurity/cybersecurity-taxonomy; http://data.jrc.ec.europa.eu/ontology/cybersecurity/use_case,,
Malware analysis including adversarial learning of malware,http://data.jrc.ec.europa.eu/ontology/cybersecurity/malware_analysis,malware_analysis,,,http://data.jrc.ec.europa.eu/ontology/cybersecurity/cybersecurity-taxonomy; http://data.jrc.ec.europa.eu/ontology/cybersecurity/knowledge_domain,http://data.jrc.ec.europa.eu/ontology/cybersecurity/software_hardware_security_engineering,
Managerial aspects concerning information security,http://data.jrc.ec.europa.eu/ontology/cybersecurity/information-security_managerial_aspects,information-security_managerial_aspects,,,http://data.jrc.ec.europa.eu/ontology/cybersecurity/cybersecurity-taxonomy; http://data.jrc.ec.europa.eu/ontology/cybersecurity/knowledge_domain,http://data.jrc.ec.europa.eu/ontology/cybersecurity/security_management_governance,
"Managerial, procedural and technical aspects of network security",http://data.jrc.ec.europa.eu/ontology/cybersecurity/network-security_managerial_procedural_technical_aspects,network-security_managerial_procedural_technical_aspects,,,http://data.jrc.ec.europa.eu/ontology/cybersecurity/cybersecurity-taxonomy; http://data.jrc.ec.europa.eu/ontology/cybersecurity/knowledge_domain,http://data.jrc.ec.europa.eu/ontology/cybersecurity/network_distributed_systems,
Manufacturing and supply chain,http://data.jrc.ec.europa.eu/ontology/cybersecurity/manufacturing_supply_chain,manufacturing_supply_chain,"Includes a vast range of supply chain activities and production techniques, from small-scale enterprises using traditional production techniques, to very large enterprises sitting atop a high and broad pyramid of parts and components suppliers collectively manufacturing complex products  (e.g. system or product integration).",,http://data.jrc.ec.europa.eu/ontology/cybersecurity/cybersecurity-taxonomy; http://data.jrc.ec.europa.eu/ontology/cybersecurity/sector,,
Mathematical foundations of cryptography,http://data.jrc.ec.europa.eu/ontology/cybersecurity/cryptography_mathematical_foundations,cryptography_mathematical_foundations,,,http://data.jrc.ec.europa.eu/ontology/cybersecurity/cybersecurity-taxonomy; http://data.jrc.ec.europa.eu/ontology/cybersecurity/knowledge_domain,http://data.jrc.ec.europa.eu/ontology/cybersecurity/cryptology,
Measurement and assessment of security levels,http://data.jrc.ec.europa.eu/ontology/cybersecurity/measurement_assessment_seecurity_levels,measurement_assessment_seecurity_levels,,,http://data.jrc.ec.europa.eu/ontology/cybersecurity/cybersecurity-taxonomy; http://data.jrc.ec.europa.eu/ontology/cybersecurity/knowledge_domain,http://data.jrc.ec.europa.eu/ontology/cybersecurity/security_measurements,
Message authentication,http://data.jrc.ec.europa.eu/ontology/cybersecurity/message_authentication,message_authentication,,,http://data.jrc.ec.europa.eu/ontology/cybersecurity/cybersecurity-taxonomy; http://data.jrc.ec.europa.eu/ontology/cybersecurity/knowledge_domain,http://data.jrc.ec.europa.eu/ontology/cybersecurity/cryptology,
Mobile devices,http://data.jrc.ec.europa.eu/ontology/cybersecurity/mobile_devices,mobile_devices,,,http://data.jrc.ec.europa.eu/ontology/cybersecurity/cybersecurity-taxonomy; http://data.jrc.ec.europa.eu/ontology/cybersecurity/technology,,
Model-driven security and domain-specific modelling languages,http://data.jrc.ec.europa.eu/ontology/cybersecurity/model-driven_security_domain-specific_modelling_languages,model-driven_security_domain-specific_modelling_languages,,,http://data.jrc.ec.europa.eu/ontology/cybersecurity/cybersecurity-taxonomy; http://data.jrc.ec.europa.eu/ontology/cybersecurity/knowledge_domain,http://data.jrc.ec.europa.eu/ontology/cybersecurity/software_hardware_security_engineering,
Modelling of cross-sectoral interdependencies and cascading effects,http://data.jrc.ec.europa.eu/ontology/cybersecurity/modelling_cross-sectoral_interdependencies_cascading,modelling_cross-sectoral_interdependencies_cascading,,,http://data.jrc.ec.europa.eu/ontology/cybersecurity/cybersecurity-taxonomy; http://data.jrc.ec.europa.eu/ontology/cybersecurity/knowledge_domain,http://data.jrc.ec.europa.eu/ontology/cybersecurity/security_management_governance,
Network and Distributed Systems,http://data.jrc.ec.europa.eu/ontology/cybersecurity/network_distributed_systems,network_distributed_systems,"Network security is concerned with hardware, software, basic communication protocols, network frame structure, and communication mechanisms factors of the network. Information Security in the network context deals with data integrity, confidentiality, availability and non-repudiation while is sent across the network. A distributed system is a model in which components located on networked computers communicate and coordinate their actions by passing messages. In this context cybersecurity deals with all the aspects of computation, coordination, message integrity, availability and (if required) confidentiality. Message authentication is also in the scope.",,http://data.jrc.ec.europa.eu/ontology/cybersecurity/cybersecurity-taxonomy; http://data.jrc.ec.europa.eu/ontology/cybersecurity/knowledge_domain,,http://data.jrc.ec.europa.eu/ontology/cybersecurity/distributed_consensus_techniques; http://data.jrc.ec.europa.eu/ontology/cybersecurity/distributed_systems_security; http://data.jrc.ec.europa.eu/ontology/cybersecurity/distributed_systems_security_analysis_simulation; http://data.jrc.ec.europa.eu/ontology/cybersecurity/fault_tolerant_models; http://data.jrc.ec.europa.eu/ontology/cybersecurity/network-security_managerial_procedural_technical_aspects; http://data.jrc.ec.europa.eu/ontology/cybersecurity/network-security_principles_methods_protocols_algorithms_technologies; http://data.jrc.ec.europa.eu/ontology/cybersecurity/network-security_requirements; http://data.jrc.ec.europa.eu/ontology/cybersecurity/network_attack_propagation_analysis; http://data.jrc.ec.europa.eu/ontology/cybersecurity/network_interoperability; http://data.jrc.ec.europa.eu/ontology/cybersecurity/network_layer_attacks_mitigation_techniques; http://data.jrc.ec.europa.eu/ontology/cybersecurity/network_steganography; http://data.jrc.ec.europa.eu/ontology/cybersecurity/privacy-friendly_communication_architectures_services; http://data.jrc.ec.europa.eu/ontology/cybersecurity/protocols_frameworks_secure_distributed_computing; http://data.jrc.ec.europa.eu/ontology/cybersecurity/secure_distributed_computations; http://data.jrc.ec.europa.eu/ontology/cybersecurity/secure_system_interconnection
Network attack propagation analysis,http://data.jrc.ec.europa.eu/ontology/cybersecurity/network_attack_propagation_analysis,network_attack_propagation_analysis,,,http://data.jrc.ec.europa.eu/ontology/cybersecurity/cybersecurity-taxonomy; http://data.jrc.ec.europa.eu/ontology/cybersecurity/knowledge_domain,http://data.jrc.ec.europa.eu/ontology/cybersecurity/network_distributed_systems,
Network interoperability,http://data.jrc.ec.europa.eu/ontology/cybersecurity/network_interoperability,network_interoperability,,,http://data.jrc.ec.europa.eu/ontology/cybersecurity/cybersecurity-taxonomy; http://data.jrc.ec.europa.eu/ontology/cybersecurity/knowledge_domain,http://data.jrc.ec.europa.eu/ontology/cybersecurity/network_distributed_systems,
Network layer attacks and mitigation techniques,http://data.jrc.ec.europa.eu/ontology/cybersecurity/network_layer_attacks_mitigation_techniques,network_layer_attacks_mitigation_techniques,,,http://data.jrc.ec.europa.eu/ontology/cybersecurity/cybersecurity-taxonomy; http://data.jrc.ec.europa.eu/ontology/cybersecurity/knowledge_domain,http://data.jrc.ec.europa.eu/ontology/cybersecurity/network_distributed_systems,
"Network security (principles, methods, protocols, algorithms and technologies)",http://data.jrc.ec.europa.eu/ontology/cybersecurity/network-security_principles_methods_protocols_algorithms_technologies,network-security_principles_methods_protocols_algorithms_technologies,,,http://data.jrc.ec.europa.eu/ontology/cybersecurity/cybersecurity-taxonomy; http://data.jrc.ec.europa.eu/ontology/cybersecurity/knowledge_domain,http://data.jrc.ec.europa.eu/ontology/cybersecurity/network_distributed_systems,
Network steganography,http://data.jrc.ec.europa.eu/ontology/cybersecurity/network_steganography,network_steganography,,,http://data.jrc.ec.europa.eu/ontology/cybersecurity/cybersecurity-taxonomy; http://data.jrc.ec.europa.eu/ontology/cybersecurity/knowledge_domain,http://data.jrc.ec.europa.eu/ontology/cybersecurity/network_distributed_systems,
New theoretically-based techniques for the formal analysis and design of cryptographic protocols and their applications,http://data.jrc.ec.europa.eu/ontology/cybersecurity/new_theoreticall_techniques_formal_analysis_design_cryptographic_protocols,new_theoreticall_techniques_formal_analysis_design_cryptographic_protocols,,,http://data.jrc.ec.europa.eu/ontology/cybersecurity/cybersecurity-taxonomy; http://data.jrc.ec.europa.eu/ontology/cybersecurity/knowledge_domain,http://data.jrc.ec.europa.eu/ontology/cybersecurity/theoretical_foundations,
Non-intrusive security,http://data.jrc.ec.europa.eu/ontology/cybersecurity/non-intrusive_security,non-intrusive_security,,,http://data.jrc.ec.europa.eu/ontology/cybersecurity/cybersecurity-taxonomy; http://data.jrc.ec.europa.eu/ontology/cybersecurity/knowledge_domain,http://data.jrc.ec.europa.eu/ontology/cybersecurity/human_aspects,
Nuclear,http://data.jrc.ec.europa.eu/ontology/cybersecurity/nuclear,nuclear,"Includes activities related to nuclear safety, radioactive waste and spent fuel, radiation protection, decommissioning of nuclear facilities, as well as the implementation of safeguards to avoid misuse.",,http://data.jrc.ec.europa.eu/ontology/cybersecurity/cybersecurity-taxonomy; http://data.jrc.ec.europa.eu/ontology/cybersecurity/sector,,
Operating systems,http://data.jrc.ec.europa.eu/ontology/cybersecurity/operating_systems,operating_systems,,,http://data.jrc.ec.europa.eu/ontology/cybersecurity/cybersecurity-taxonomy; http://data.jrc.ec.europa.eu/ontology/cybersecurity/technology,,
Optical and electronic document security,http://data.jrc.ec.europa.eu/ontology/cybersecurity/optical_electronic_document_security,optical_electronic_document_security,,,http://data.jrc.ec.europa.eu/ontology/cybersecurity/cybersecurity-taxonomy; http://data.jrc.ec.europa.eu/ontology/cybersecurity/knowledge_domain,http://data.jrc.ec.europa.eu/ontology/cybersecurity/identity_management,
Policy issues related to digital forensics,http://data.jrc.ec.europa.eu/ontology/cybersecurity/digital-forensics_policy_issues,digital-forensics_policy_issues,,,http://data.jrc.ec.europa.eu/ontology/cybersecurity/cybersecurity-taxonomy; http://data.jrc.ec.europa.eu/ontology/cybersecurity/knowledge_domain,http://data.jrc.ec.europa.eu/ontology/cybersecurity/incident_handling_digital_forensics,
Post-quantum cryptography,http://data.jrc.ec.europa.eu/ontology/cybersecurity/post-quantum_cryptography,post-quantum_cryptography,,,http://data.jrc.ec.europa.eu/ontology/cybersecurity/cybersecurity-taxonomy; http://data.jrc.ec.europa.eu/ontology/cybersecurity/knowledge_domain,http://data.jrc.ec.europa.eu/ontology/cybersecurity/cryptology,
Privacy Enhancing Technologies,http://data.jrc.ec.europa.eu/ontology/cybersecurity/privacy_enhancing_technologies,privacy_enhancing_technologies,,PET,http://data.jrc.ec.europa.eu/ontology/cybersecurity/cybersecurity-taxonomy; http://data.jrc.ec.europa.eu/ontology/cybersecurity/knowledge_domain,http://data.jrc.ec.europa.eu/ontology/cybersecurity/data_security_privacy,
Privacy and identity management,http://data.jrc.ec.europa.eu/ontology/cybersecurity/privacy_identity_management,privacy_identity_management,,,http://data.jrc.ec.europa.eu/ontology/cybersecurity/cybersecurity-taxonomy; http://data.jrc.ec.europa.eu/ontology/cybersecurity/knowledge_domain,http://data.jrc.ec.europa.eu/ontology/cybersecurity/identity_management,
Privacy by design,http://data.jrc.ec.europa.eu/ontology/cybersecurity/privacy-by-design,privacy-by-design,,,http://data.jrc.ec.europa.eu/ontology/cybersecurity/cybersecurity-taxonomy; http://data.jrc.ec.europa.eu/ontology/cybersecurity/knowledge_domain,http://data.jrc.ec.europa.eu/ontology/cybersecurity/software_hardware_security_engineering,
"Privacy concerns, behaviours, and practices",http://data.jrc.ec.europa.eu/ontology/cybersecurity/privacy_concerns_behaviours_practices,privacy_concerns_behaviours_practices,,,http://data.jrc.ec.europa.eu/ontology/cybersecurity/cybersecurity-taxonomy; http://data.jrc.ec.europa.eu/ontology/cybersecurity/knowledge_domain,http://data.jrc.ec.europa.eu/ontology/cybersecurity/human_aspects,
Privacy impact assessment and risk management,http://data.jrc.ec.europa.eu/ontology/cybersecurity/privacy-impact-assessment_risk_management,privacy-impact-assessment_risk_management,,,http://data.jrc.ec.europa.eu/ontology/cybersecurity/cybersecurity-taxonomy; http://data.jrc.ec.europa.eu/ontology/cybersecurity/knowledge_domain,http://data.jrc.ec.europa.eu/ontology/cybersecurity/security_management_governance,
Privacy requirements for data management systems,http://data.jrc.ec.europa.eu/ontology/cybersecurity/privacy_requirements_data_management_systems,privacy_requirements_data_management_systems,,,http://data.jrc.ec.europa.eu/ontology/cybersecurity/cybersecurity-taxonomy; http://data.jrc.ec.europa.eu/ontology/cybersecurity/knowledge_domain,http://data.jrc.ec.europa.eu/ontology/cybersecurity/data_security_privacy,
Privacy-friendly communication architectures and services,http://data.jrc.ec.europa.eu/ontology/cybersecurity/privacy-friendly_communication_architectures_services,privacy-friendly_communication_architectures_services,,,http://data.jrc.ec.europa.eu/ontology/cybersecurity/cybersecurity-taxonomy; http://data.jrc.ec.europa.eu/ontology/cybersecurity/knowledge_domain,http://data.jrc.ec.europa.eu/ontology/cybersecurity/network_distributed_systems,
Processes and procedures to ensure device end-of-life security and privacy,http://data.jrc.ec.europa.eu/ontology/cybersecurity/device_end-of-life_security_privacy,device_end-of-life_security_privacy,,,http://data.jrc.ec.europa.eu/ontology/cybersecurity/cybersecurity-taxonomy; http://data.jrc.ec.europa.eu/ontology/cybersecurity/knowledge_domain,http://data.jrc.ec.europa.eu/ontology/cybersecurity/security_management_governance,
Professional training,http://data.jrc.ec.europa.eu/ontology/cybersecurity/professional_training,professional_training,,,http://data.jrc.ec.europa.eu/ontology/cybersecurity/cybersecurity-taxonomy; http://data.jrc.ec.europa.eu/ontology/cybersecurity/knowledge_domain,http://data.jrc.ec.europa.eu/ontology/cybersecurity/education_training,
Protection of public spaces,http://data.jrc.ec.europa.eu/ontology/cybersecurity/protection_public_spaces,protection_public_spaces,,,http://data.jrc.ec.europa.eu/ontology/cybersecurity/cybersecurity-taxonomy; http://data.jrc.ec.europa.eu/ontology/cybersecurity/use_case,,
"Protocols and frameworks for authentication, authorization, and rights management","http://data.jrc.ec.europa.eu/ontology/cybersecurity/protocols-frameworks_authentication,_authorizations_rights_management","protocols-frameworks_authentication,_authorizations_rights_management",,,http://data.jrc.ec.europa.eu/ontology/cybersecurity/cybersecurity-taxonomy; http://data.jrc.ec.europa.eu/ontology/cybersecurity/knowledge_domain,http://data.jrc.ec.europa.eu/ontology/cybersecurity/identity_management,
Protocols and frameworks for secure distributed computing,http://data.jrc.ec.europa.eu/ontology/cybersecurity/protocols_frameworks_secure_distributed_computing,protocols_frameworks_secure_distributed_computing,,,http://data.jrc.ec.europa.eu/ontology/cybersecurity/cybersecurity-taxonomy; http://data.jrc.ec.europa.eu/ontology/cybersecurity/knowledge_domain,http://data.jrc.ec.europa.eu/ontology/cybersecurity/network_distributed_systems,
Psychological models and cognitive processes,http://data.jrc.ec.europa.eu/ontology/cybersecurity/psychological-models_cognitive-processes,psychological-models_cognitive-processes,,,http://data.jrc.ec.europa.eu/ontology/cybersecurity/cybersecurity-taxonomy; http://data.jrc.ec.europa.eu/ontology/cybersecurity/knowledge_domain,http://data.jrc.ec.europa.eu/ontology/cybersecurity/human_aspects,
Quantitative security for assurance,http://data.jrc.ec.europa.eu/ontology/cybersecurity/quantitative_security_assurance,quantitative_security_assurance,,,http://data.jrc.ec.europa.eu/ontology/cybersecurity/cybersecurity-taxonomy; http://data.jrc.ec.europa.eu/ontology/cybersecurity/knowledge_domain,http://data.jrc.ec.europa.eu/ontology/cybersecurity/software_hardware_security_engineering,
Quantum Technologies,http://data.jrc.ec.europa.eu/ontology/cybersecurity/quantum_technologies,quantum_technologies,,,http://data.jrc.ec.europa.eu/ontology/cybersecurity/cybersecurity-taxonomy; http://data.jrc.ec.europa.eu/ontology/cybersecurity/technology,,
Quantum cryptography,http://data.jrc.ec.europa.eu/ontology/cybersecurity/quantum_cryptography,quantum_cryptography,,,http://data.jrc.ec.europa.eu/ontology/cybersecurity/cybersecurity-taxonomy; http://data.jrc.ec.europa.eu/ontology/cybersecurity/knowledge_domain,http://data.jrc.ec.europa.eu/ontology/cybersecurity/cryptology,
Random number generation,http://data.jrc.ec.europa.eu/ontology/cybersecurity/random_number_generation,random_number_generation,,,http://data.jrc.ec.europa.eu/ontology/cybersecurity/cybersecurity-taxonomy; http://data.jrc.ec.europa.eu/ontology/cybersecurity/knowledge_domain,http://data.jrc.ec.europa.eu/ontology/cybersecurity/cryptology,
Refinement and verification of security management policy models,http://data.jrc.ec.europa.eu/ontology/cybersecurity/refinement-verification_security_management_policy_models,refinement-verification_security_management_policy_models,,,http://data.jrc.ec.europa.eu/ontology/cybersecurity/cybersecurity-taxonomy; http://data.jrc.ec.europa.eu/ontology/cybersecurity/knowledge_domain,http://data.jrc.ec.europa.eu/ontology/cybersecurity/software_hardware_security_engineering,
Reputation models,http://data.jrc.ec.europa.eu/ontology/cybersecurity/reputation_models,reputation_models,,,http://data.jrc.ec.europa.eu/ontology/cybersecurity/cybersecurity-taxonomy; http://data.jrc.ec.europa.eu/ontology/cybersecurity/knowledge_domain,http://data.jrc.ec.europa.eu/ontology/cybersecurity/trust_management_accountability,
Requirements for network security,http://data.jrc.ec.europa.eu/ontology/cybersecurity/network-security_requirements,network-security_requirements,,,http://data.jrc.ec.europa.eu/ontology/cybersecurity/cybersecurity-taxonomy; http://data.jrc.ec.europa.eu/ontology/cybersecurity/knowledge_domain,http://data.jrc.ec.europa.eu/ontology/cybersecurity/network_distributed_systems,
Resilience aspects,http://data.jrc.ec.europa.eu/ontology/cybersecurity/resilience_aspects,resilience_aspects,,,http://data.jrc.ec.europa.eu/ontology/cybersecurity/cybersecurity-taxonomy; http://data.jrc.ec.europa.eu/ontology/cybersecurity/knowledge_domain,http://data.jrc.ec.europa.eu/ontology/cybersecurity/incident_handling_digital_forensics,
Risk analysis and attacks with respect to de-anonymization or data re-identification,http://data.jrc.ec.europa.eu/ontology/cybersecurity/risk_analysis_attacks_deanonymization_reidentification,risk_analysis_attacks_deanonymization_reidentification,,,http://data.jrc.ec.europa.eu/ontology/cybersecurity/cybersecurity-taxonomy; http://data.jrc.ec.europa.eu/ontology/cybersecurity/knowledge_domain,http://data.jrc.ec.europa.eu/ontology/cybersecurity/data_security_privacy,
"Risk management, including modeling, assessment, analysis and mitigation",http://data.jrc.ec.europa.eu/ontology/cybersecurity/risk-management_modeling_assessment_analysis_mitigation,risk-management_modeling_assessment_analysis_mitigation,,,http://data.jrc.ec.europa.eu/ontology/cybersecurity/cybersecurity-taxonomy; http://data.jrc.ec.europa.eu/ontology/cybersecurity/knowledge_domain,http://data.jrc.ec.europa.eu/ontology/cybersecurity/security_management_governance,
Robotics,http://data.jrc.ec.europa.eu/ontology/cybersecurity/robotics,robotics,,,http://data.jrc.ec.europa.eu/ontology/cybersecurity/cybersecurity-taxonomy; http://data.jrc.ec.europa.eu/ontology/cybersecurity/technology,,
Runtime security verification and enforcement,http://data.jrc.ec.europa.eu/ontology/cybersecurity/runtime_security_verification_enforcement,runtime_security_verification_enforcement,,,http://data.jrc.ec.europa.eu/ontology/cybersecurity/cybersecurity-taxonomy; http://data.jrc.ec.europa.eu/ontology/cybersecurity/knowledge_domain,http://data.jrc.ec.europa.eu/ontology/cybersecurity/software_hardware_security_engineering,
Safety and Security,http://data.jrc.ec.europa.eu/ontology/cybersecurity/safety_security,safety_security,"Includes services related to the protection of citizens and organisations. These services are supported by the corresponding infrastructure intended to prevent and mitigate potential safety-related situations including different use cases such as protection of public spaces, crisis management, and disaster resilience.",,http://data.jrc.ec.europa.eu/ontology/cybersecurity/cybersecurity-taxonomy; http://data.jrc.ec.europa.eu/ontology/cybersecurity/sector,,
Satellite systems and applications,http://data.jrc.ec.europa.eu/ontology/cybersecurity/satellite_systems_applications,satellite_systems_applications,,,http://data.jrc.ec.europa.eu/ontology/cybersecurity/cybersecurity-taxonomy; http://data.jrc.ec.europa.eu/ontology/cybersecurity/technology,,
Secure distributed computations,http://data.jrc.ec.europa.eu/ontology/cybersecurity/secure_distributed_computations,secure_distributed_computations,,,http://data.jrc.ec.europa.eu/ontology/cybersecurity/cybersecurity-taxonomy; http://data.jrc.ec.europa.eu/ontology/cybersecurity/knowledge_domain,http://data.jrc.ec.europa.eu/ontology/cybersecurity/network_distributed_systems,
Secure multi-party computation,http://data.jrc.ec.europa.eu/ontology/cybersecurity/secure_multi-party_computation,secure_multi-party_computation,,,http://data.jrc.ec.europa.eu/ontology/cybersecurity/cybersecurity-taxonomy; http://data.jrc.ec.europa.eu/ontology/cybersecurity/knowledge_domain,http://data.jrc.ec.europa.eu/ontology/cybersecurity/cryptology,
Secure programming principles and best practices,http://data.jrc.ec.europa.eu/ontology/cybersecurity/secure_programming_principles_best_practices,secure_programming_principles_best_practices,,,http://data.jrc.ec.europa.eu/ontology/cybersecurity/cybersecurity-taxonomy; http://data.jrc.ec.europa.eu/ontology/cybersecurity/knowledge_domain,http://data.jrc.ec.europa.eu/ontology/cybersecurity/software_hardware_security_engineering,
Secure software architectures and design,http://data.jrc.ec.europa.eu/ontology/cybersecurity/secure_softwre_architectures_design,secure_softwre_architectures_design,,Security by design,http://data.jrc.ec.europa.eu/ontology/cybersecurity/cybersecurity-taxonomy; http://data.jrc.ec.europa.eu/ontology/cybersecurity/knowledge_domain,http://data.jrc.ec.europa.eu/ontology/cybersecurity/software_hardware_security_engineering,
Secure system interconnection,http://data.jrc.ec.europa.eu/ontology/cybersecurity/secure_system_interconnection,secure_system_interconnection,,,http://data.jrc.ec.europa.eu/ontology/cybersecurity/cybersecurity-taxonomy; http://data.jrc.ec.europa.eu/ontology/cybersecurity/knowledge_domain,http://data.jrc.ec.europa.eu/ontology/cybersecurity/network_distributed_systems,
Security Management and Governance,http://data.jrc.ec.europa.eu/ontology/cybersecurity/security_management_governance,security_management_governance,"Governance and management activities, methodologies, processes and tools aimed at the preservation of confidentiality, integrity and availability of information as well as other properties such as authenticity, accountability and non-repudiation.",,http://data.jrc.ec.europa.eu/ontology/cybersecurity/cybersecurity-taxonomy; http://data.jrc.ec.europa.eu/ontology/cybersecurity/knowledge_domain,,http://data.jrc.ec.europa.eu/ontology/cybersecurity/assessment_information_security_effectiveness_degrees_control; http://data.jrc.ec.europa.eu/ontology/cybersecurity/attack_modelling_techniques_countermeasures; http://data.jrc.ec.europa.eu/ontology/cybersecurity/capability_maturity_models; http://data.jrc.ec.europa.eu/ontology/cybersecurity/compliance_security_privacy_policies_procedures_regulations; http://data.jrc.ec.europa.eu/ontology/cybersecurity/cybersecurity_economic_aspects; http://data.jrc.ec.europa.eu/ontology/cybersecurity/device_end-of-life_security_privacy; http://data.jrc.ec.europa.eu/ontology/cybersecurity/governance_incident-management_disaster-recovery_business-continuity; http://data.jrc.ec.europa.eu/ontology/cybersecurity/impact_hardware-software_changes_magement_information_security; http://data.jrc.ec.europa.eu/ontology/cybersecurity/information-security_managerial_aspects; http://data.jrc.ec.europa.eu/ontology/cybersecurity/modelling_cross-sectoral_interdependencies_cascading; http://data.jrc.ec.europa.eu/ontology/cybersecurity/privacy-impact-assessment_risk_management; http://data.jrc.ec.europa.eu/ontology/cybersecurity/risk-management_modeling_assessment_analysis_mitigation; http://data.jrc.ec.europa.eu/ontology/cybersecurity/standards_information_security; http://data.jrc.ec.europa.eu/ontology/cybersecurity/techniques_business_continuity-disaster_recovery; http://data.jrc.ec.europa.eu/ontology/cybersecurity/threats_vulnerabilities_modelling
Security Measurements,http://data.jrc.ec.europa.eu/ontology/cybersecurity/security_measurements,security_measurements,"Information security measurements are used to facilitate decision-making and improve performance and accountability through the collection, analysis and reporting of relevant cybersecurity performance-related data. The purpose of measuring performance is to monitor the status of measured activities and facilitate improvement in those activities by applying corrective actions based on observed measurements.",,http://data.jrc.ec.europa.eu/ontology/cybersecurity/cybersecurity-taxonomy; http://data.jrc.ec.europa.eu/ontology/cybersecurity/knowledge_domain,,http://data.jrc.ec.europa.eu/ontology/cybersecurity/measurement_assessment_seecurity_levels; http://data.jrc.ec.europa.eu/ontology/cybersecurity/security-metrics_key-performance-indicators_benchmarks; http://data.jrc.ec.europa.eu/ontology/cybersecurity/security_analytics_visualization; http://data.jrc.ec.europa.eu/ontology/cybersecurity/validation_comparison_frameworks_security_metrics
Security analytics and visualization,http://data.jrc.ec.europa.eu/ontology/cybersecurity/security_analytics_visualization,security_analytics_visualization,,,http://data.jrc.ec.europa.eu/ontology/cybersecurity/cybersecurity-taxonomy; http://data.jrc.ec.europa.eu/ontology/cybersecurity/knowledge_domain,http://data.jrc.ec.europa.eu/ontology/cybersecurity/security_measurements,
Security and risk analysis of components compositions,http://data.jrc.ec.europa.eu/ontology/cybersecurity/security_risk_analysis_components_compositions,security_risk_analysis_components_compositions,,,http://data.jrc.ec.europa.eu/ontology/cybersecurity/cybersecurity-taxonomy; http://data.jrc.ec.europa.eu/ontology/cybersecurity/knowledge_domain,http://data.jrc.ec.europa.eu/ontology/cybersecurity/software_hardware_security_engineering,
Security design patterns,http://data.jrc.ec.europa.eu/ontology/cybersecurity/security_design_patterns,security_design_patterns,,,http://data.jrc.ec.europa.eu/ontology/cybersecurity/cybersecurity-taxonomy; http://data.jrc.ec.europa.eu/ontology/cybersecurity/knowledge_domain,http://data.jrc.ec.europa.eu/ontology/cybersecurity/software_hardware_security_engineering,
Security documentation,http://data.jrc.ec.europa.eu/ontology/cybersecurity/security_documentation,security_documentation,,,http://data.jrc.ec.europa.eu/ontology/cybersecurity/cybersecurity-taxonomy; http://data.jrc.ec.europa.eu/ontology/cybersecurity/knowledge_domain,http://data.jrc.ec.europa.eu/ontology/cybersecurity/software_hardware_security_engineering,
"Security metrics, key performance indicators, and benchmarks",http://data.jrc.ec.europa.eu/ontology/cybersecurity/security-metrics_key-performance-indicators_benchmarks,security-metrics_key-performance-indicators_benchmarks,,,http://data.jrc.ec.europa.eu/ontology/cybersecurity/cybersecurity-taxonomy; http://data.jrc.ec.europa.eu/ontology/cybersecurity/knowledge_domain,http://data.jrc.ec.europa.eu/ontology/cybersecurity/security_measurements,
"Security requirements engineering with emphasis on identity, privacy, accountability, and trust",http://data.jrc.ec.europa.eu/ontology/cybersecurity/security_requirements_engineering,security_requirements_engineering,,,http://data.jrc.ec.europa.eu/ontology/cybersecurity/cybersecurity-taxonomy; http://data.jrc.ec.europa.eu/ontology/cybersecurity/knowledge_domain,http://data.jrc.ec.europa.eu/ontology/cybersecurity/software_hardware_security_engineering,
Security support in programming environments,http://data.jrc.ec.europa.eu/ontology/cybersecurity/security_support_programming_environments,security_support_programming_environments,,,http://data.jrc.ec.europa.eu/ontology/cybersecurity/cybersecurity-taxonomy; http://data.jrc.ec.europa.eu/ontology/cybersecurity/knowledge_domain,http://data.jrc.ec.europa.eu/ontology/cybersecurity/software_hardware_security_engineering,
Security testing and validation,http://data.jrc.ec.europa.eu/ontology/cybersecurity/security_testing_validation,security_testing_validation,,,http://data.jrc.ec.europa.eu/ontology/cybersecurity/cybersecurity-taxonomy; http://data.jrc.ec.europa.eu/ontology/cybersecurity/knowledge_domain,http://data.jrc.ec.europa.eu/ontology/cybersecurity/software_hardware_security_engineering,
Security visualization,http://data.jrc.ec.europa.eu/ontology/cybersecurity/security_visualization,security_visualization,,,http://data.jrc.ec.europa.eu/ontology/cybersecurity/cybersecurity-taxonomy; http://data.jrc.ec.europa.eu/ontology/cybersecurity/knowledge_domain,http://data.jrc.ec.europa.eu/ontology/cybersecurity/human_aspects,
"Self-* including self-healing, self-protecting, self-configuration systems",http://data.jrc.ec.europa.eu/ontology/cybersecurity/self_healing-protecting-configuration_systems,self_healing-protecting-configuration_systems,,,http://data.jrc.ec.europa.eu/ontology/cybersecurity/cybersecurity-taxonomy; http://data.jrc.ec.europa.eu/ontology/cybersecurity/knowledge_domain,http://data.jrc.ec.europa.eu/ontology/cybersecurity/software_hardware_security_engineering,
"Semantics and models for security, accountability, privacy, and trust",http://data.jrc.ec.europa.eu/ontology/cybersecurity/semantics_models_security_accountability_privacy_trust,semantics_models_security_accountability_privacy_trust,,,http://data.jrc.ec.europa.eu/ontology/cybersecurity/cybersecurity-taxonomy; http://data.jrc.ec.europa.eu/ontology/cybersecurity/knowledge_domain,http://data.jrc.ec.europa.eu/ontology/cybersecurity/trust_management_accountability,
Social aspects of trust,http://data.jrc.ec.europa.eu/ontology/cybersecurity/social_aspects_trust,social_aspects_trust,,,http://data.jrc.ec.europa.eu/ontology/cybersecurity/cybersecurity-taxonomy; http://data.jrc.ec.europa.eu/ontology/cybersecurity/knowledge_domain,http://data.jrc.ec.europa.eu/ontology/cybersecurity/trust_management_accountability,
Socio-technical security,http://data.jrc.ec.europa.eu/ontology/cybersecurity/socio-technical_security,socio-technical_security,,,http://data.jrc.ec.europa.eu/ontology/cybersecurity/cybersecurity-taxonomy; http://data.jrc.ec.europa.eu/ontology/cybersecurity/knowledge_domain,http://data.jrc.ec.europa.eu/ontology/cybersecurity/human_aspects,
Software and Hardware Security Engineering,http://data.jrc.ec.europa.eu/ontology/cybersecurity/software_hardware_security_engineering,software_hardware_security_engineering,"Security aspects in the software and hardware development lifecycle such as risk and requirements analysis, architecture design, code implementation, validation, verification, testing, deployment and runtime monitoring of operation.",,http://data.jrc.ec.europa.eu/ontology/cybersecurity/cybersecurity-taxonomy; http://data.jrc.ec.europa.eu/ontology/cybersecurity/knowledge_domain,,http://data.jrc.ec.europa.eu/ontology/cybersecurity/attack_techniques; http://data.jrc.ec.europa.eu/ontology/cybersecurity/cybersecurity_cybersafety_co-engineering; http://data.jrc.ec.europa.eu/ontology/cybersecurity/fault_injection_testing_analysis; http://data.jrc.ec.europa.eu/ontology/cybersecurity/intrusion_detection_honeypots; http://data.jrc.ec.europa.eu/ontology/cybersecurity/malware_analysis; http://data.jrc.ec.europa.eu/ontology/cybersecurity/model-driven_security_domain-specific_modelling_languages; http://data.jrc.ec.europa.eu/ontology/cybersecurity/privacy-by-design; http://data.jrc.ec.europa.eu/ontology/cybersecurity/quantitative_security_assurance; http://data.jrc.ec.europa.eu/ontology/cybersecurity/refinement-verification_security_management_policy_models; http://data.jrc.ec.europa.eu/ontology/cybersecurity/runtime_security_verification_enforcement; http://data.jrc.ec.europa.eu/ontology/cybersecurity/secure_programming_principles_best_practices; http://data.jrc.ec.europa.eu/ontology/cybersecurity/secure_softwre_architectures_design; http://data.jrc.ec.europa.eu/ontology/cybersecurity/security_design_patterns; http://data.jrc.ec.europa.eu/ontology/cybersecurity/security_documentation; http://data.jrc.ec.europa.eu/ontology/cybersecurity/security_requirements_engineering; http://data.jrc.ec.europa.eu/ontology/cybersecurity/security_risk_analysis_components_compositions; http://data.jrc.ec.europa.eu/ontology/cybersecurity/security_support_programming_environments; http://data.jrc.ec.europa.eu/ontology/cybersecurity/security_testing_validation; http://data.jrc.ec.europa.eu/ontology/cybersecurity/self_healing-protecting-configuration_systems; http://data.jrc.ec.europa.eu/ontology/cybersecurity/vulnerability_discovery_penetration_testing
Space,http://data.jrc.ec.europa.eu/ontology/cybersecurity/space,space,"The set of activities to foster the creation of specific programmes for space exploration. Such programmes space organisations and industry to implement the functionality required to realize such activities, including navigation and time services, Earth observation, or the use of satellite data providers.",,http://data.jrc.ec.europa.eu/ontology/cybersecurity/cybersecurity-taxonomy; http://data.jrc.ec.europa.eu/ontology/cybersecurity/sector,,
Standards for Information Security,http://data.jrc.ec.europa.eu/ontology/cybersecurity/standards_information_security,standards_information_security,,,http://data.jrc.ec.europa.eu/ontology/cybersecurity/cybersecurity-taxonomy; http://data.jrc.ec.europa.eu/ontology/cybersecurity/knowledge_domain,http://data.jrc.ec.europa.eu/ontology/cybersecurity/security_management_governance,
Steganalysis,http://data.jrc.ec.europa.eu/ontology/cybersecurity/steganalysis,steganalysis,,,http://data.jrc.ec.europa.eu/ontology/cybersecurity/cybersecurity-taxonomy; http://data.jrc.ec.europa.eu/ontology/cybersecurity/knowledge_domain,http://data.jrc.ec.europa.eu/ontology/cybersecurity/steganography_steganalysis_watermarking,
Steganography,http://data.jrc.ec.europa.eu/ontology/cybersecurity/steganography,steganography,,,http://data.jrc.ec.europa.eu/ontology/cybersecurity/cybersecurity-taxonomy; http://data.jrc.ec.europa.eu/ontology/cybersecurity/knowledge_domain,http://data.jrc.ec.europa.eu/ontology/cybersecurity/steganography_steganalysis_watermarking,
"Steganography, Steganalysis and Watermarking",http://data.jrc.ec.europa.eu/ontology/cybersecurity/steganography_steganalysis_watermarking,steganography_steganalysis_watermarking,"This domain consists of techniques for steganography, steganalysis, and watermarking. Steganography is a technique for hiding secret data within files or message while steganalysis deals with the detection of data hidden using steganography. Digital watermarking is similar to steganography where the embedded data typically is not secret and the goal is also to ensure data integrity.",,http://data.jrc.ec.europa.eu/ontology/cybersecurity/cybersecurity-taxonomy; http://data.jrc.ec.europa.eu/ontology/cybersecurity/knowledge_domain,,http://data.jrc.ec.europa.eu/ontology/cybersecurity/digital_watermarking; http://data.jrc.ec.europa.eu/ontology/cybersecurity/steganalysis; http://data.jrc.ec.europa.eu/ontology/cybersecurity/steganography
Symmetric cryptography,http://data.jrc.ec.europa.eu/ontology/cybersecurity/symmetric_cyptography,symmetric_cyptography,,,http://data.jrc.ec.europa.eu/ontology/cybersecurity/cybersecurity-taxonomy; http://data.jrc.ec.europa.eu/ontology/cybersecurity/knowledge_domain,http://data.jrc.ec.europa.eu/ontology/cybersecurity/cryptology,
Techniques to ensure business continuity/disaster recovery,http://data.jrc.ec.europa.eu/ontology/cybersecurity/techniques_business_continuity-disaster_recovery,techniques_business_continuity-disaster_recovery,,,http://data.jrc.ec.europa.eu/ontology/cybersecurity/cybersecurity-taxonomy; http://data.jrc.ec.europa.eu/ontology/cybersecurity/knowledge_domain,http://data.jrc.ec.europa.eu/ontology/cybersecurity/security_management_governance,
Telecomm Infrastructure,http://data.jrc.ec.europa.eu/ontology/cybersecurity/telecomm_infrastructure,telecomm_infrastructure,"Includes companies and internet service providers, as well as the infrastructures required to realise such communications (e.g., DNS service providers).",,http://data.jrc.ec.europa.eu/ontology/cybersecurity/cybersecurity-taxonomy; http://data.jrc.ec.europa.eu/ontology/cybersecurity/sector,,
Theoretical Foundations,http://data.jrc.ec.europa.eu/ontology/cybersecurity/theoretical_foundations,theoretical_foundations,"This domain refers to the use analysis and verification techniques based on formal methods to provide theoretical proof of security properties either in software, hardware and algorithm design.",,http://data.jrc.ec.europa.eu/ontology/cybersecurity/cybersecurity-taxonomy; http://data.jrc.ec.europa.eu/ontology/cybersecurity/knowledge_domain,,http://data.jrc.ec.europa.eu/ontology/cybersecurity/cybersecurity_concepts_ontologies_taxonomies_foundations; http://data.jrc.ec.europa.eu/ontology/cybersecurity/cybersecurity_uncertainty_models; http://data.jrc.ec.europa.eu/ontology/cybersecurity/formal_specification_analysis_verification_software_hardware; http://data.jrc.ec.europa.eu/ontology/cybersecurity/formal_specification_aspects_security; http://data.jrc.ec.europa.eu/ontology/cybersecurity/formal_verification_security_assurance; http://data.jrc.ec.europa.eu/ontology/cybersecurity/information_flow_modelling; http://data.jrc.ec.europa.eu/ontology/cybersecurity/new_theoreticall_techniques_formal_analysis_design_cryptographic_protocols
"Theories, techniques and tools for the identification, collection, attribution, acquisition, analysis and preservation of digital evidence",http://data.jrc.ec.europa.eu/ontology/cybersecurity/theories-techniques-tools_management_preservation_digital_evidence,theories-techniques-tools_management_preservation_digital_evidence,,,http://data.jrc.ec.europa.eu/ontology/cybersecurity/cybersecurity-taxonomy; http://data.jrc.ec.europa.eu/ontology/cybersecurity/knowledge_domain,http://data.jrc.ec.europa.eu/ontology/cybersecurity/incident_handling_digital_forensics,
Threats and vulnerabilities modelling,http://data.jrc.ec.europa.eu/ontology/cybersecurity/threats_vulnerabilities_modelling,threats_vulnerabilities_modelling,,,http://data.jrc.ec.europa.eu/ontology/cybersecurity/cybersecurity-taxonomy; http://data.jrc.ec.europa.eu/ontology/cybersecurity/knowledge_domain,http://data.jrc.ec.europa.eu/ontology/cybersecurity/security_management_governance,
Transparent security,http://data.jrc.ec.europa.eu/ontology/cybersecurity/transparent_security,transparent_security,,,http://data.jrc.ec.europa.eu/ontology/cybersecurity/cybersecurity-taxonomy; http://data.jrc.ec.europa.eu/ontology/cybersecurity/knowledge_domain,http://data.jrc.ec.europa.eu/ontology/cybersecurity/human_aspects,
Transportation,http://data.jrc.ec.europa.eu/ontology/cybersecurity/transportation,transportation,"Includes activities related to the movement of humans, animals or objects between two points. This movement can be performed by different means (e.g., air, land or water) and could involve different infrastructure components (e.g., traffic management operators or road authorities), vehicles (e.g., cars, planes or ships) and operations, such as managing and supervise the infrastructure entities.",,http://data.jrc.ec.europa.eu/ontology/cybersecurity/cybersecurity-taxonomy; http://data.jrc.ec.europa.eu/ontology/cybersecurity/sector,,
Trust Management and Accountability,http://data.jrc.ec.europa.eu/ontology/cybersecurity/trust_management_accountability,trust_management_accountability,"This domain comprises trust issues related to digital and physical entities such as applications, services, components, or systems. Trust management approaches can be employed in order to assess assurance and accountability guarantees.",,http://data.jrc.ec.europa.eu/ontology/cybersecurity/cybersecurity-taxonomy; http://data.jrc.ec.europa.eu/ontology/cybersecurity/knowledge_domain,,http://data.jrc.ec.europa.eu/ontology/cybersecurity/algorithmic_auditability_accountability; http://data.jrc.ec.europa.eu/ontology/cybersecurity/identity_trust_management; http://data.jrc.ec.europa.eu/ontology/cybersecurity/reputation_models; http://data.jrc.ec.europa.eu/ontology/cybersecurity/semantics_models_security_accountability_privacy_trust; http://data.jrc.ec.europa.eu/ontology/cybersecurity/social_aspects_trust; http://data.jrc.ec.europa.eu/ontology/cybersecurity/trust_decision_making_algorithms; http://data.jrc.ec.europa.eu/ontology/cybersecurity/trust_management_architectures_mechanisms_policies; http://data.jrc.ec.europa.eu/ontology/cybersecurity/trust_privacy; http://data.jrc.ec.europa.eu/ontology/cybersecurity/trust_reputation_social_mainstream_media; http://data.jrc.ec.europa.eu/ontology/cybersecurity/trust_securing_digital_physical_assets; http://data.jrc.ec.europa.eu/ontology/cybersecurity/trusted_computing
Trust and privacy,http://data.jrc.ec.europa.eu/ontology/cybersecurity/trust_privacy,trust_privacy,,,http://data.jrc.ec.europa.eu/ontology/cybersecurity/cybersecurity-taxonomy; http://data.jrc.ec.europa.eu/ontology/cybersecurity/knowledge_domain,http://data.jrc.ec.europa.eu/ontology/cybersecurity/trust_management_accountability,
Trust and reputation of social and mainstream media,http://data.jrc.ec.europa.eu/ontology/cybersecurity/trust_reputation_social_mainstream_media,trust_reputation_social_mainstream_media,,,http://data.jrc.ec.europa.eu/ontology/cybersecurity/cybersecurity-taxonomy; http://data.jrc.ec.europa.eu/ontology/cybersecurity/knowledge_domain,http://data.jrc.ec.europa.eu/ontology/cybersecurity/trust_management_accountability,
Trust in decision making algorithms,http://data.jrc.ec.europa.eu/ontology/cybersecurity/trust_decision_making_algorithms,trust_decision_making_algorithms,,,http://data.jrc.ec.europa.eu/ontology/cybersecurity/cybersecurity-taxonomy; http://data.jrc.ec.europa.eu/ontology/cybersecurity/knowledge_domain,http://data.jrc.ec.europa.eu/ontology/cybersecurity/trust_management_accountability,
Trust in securing digital as well as physical assets,http://data.jrc.ec.europa.eu/ontology/cybersecurity/trust_securing_digital_physical_assets,trust_securing_digital_physical_assets,,,http://data.jrc.ec.europa.eu/ontology/cybersecurity/cybersecurity-taxonomy; http://data.jrc.ec.europa.eu/ontology/cybersecurity/knowledge_domain,http://data.jrc.ec.europa.eu/ontology/cybersecurity/trust_management_accountability,
"Trust management architectures, mechanisms and policies",http://data.jrc.ec.europa.eu/ontology/cybersecurity/trust_management_architectures_mechanisms_policies,trust_management_architectures_mechanisms_policies,,,http://data.jrc.ec.europa.eu/ontology/cybersecurity/cybersecurity-taxonomy; http://data.jrc.ec.europa.eu/ontology/cybersecurity/knowledge_domain,http://data.jrc.ec.europa.eu/ontology/cybersecurity/trust_management_accountability,
Trusted computing,http://data.jrc.ec.europa.eu/ontology/cybersecurity/trusted_computing,trusted_computing,,,http://data.jrc.ec.europa.eu/ontology/cybersecurity/cybersecurity-taxonomy; http://data.jrc.ec.europa.eu/ontology/cybersecurity/knowledge_domain,http://data.jrc.ec.europa.eu/ontology/cybersecurity/trust_management_accountability,
UAV,http://data.jrc.ec.europa.eu/ontology/cybersecurity/uav,uav,,Unmanned aerial vehicles,http://data.jrc.ec.europa.eu/ontology/cybersecurity/cybersecurity-taxonomy; http://data.jrc.ec.europa.eu/ontology/cybersecurity/technology,,
Usability,http://data.jrc.ec.europa.eu/ontology/cybersecurity/usability,usability,,,http://data.jrc.ec.europa.eu/ontology/cybersecurity/cybersecurity-taxonomy; http://data.jrc.ec.europa.eu/ontology/cybersecurity/knowledge_domain,http://data.jrc.ec.europa.eu/ontology/cybersecurity/human_aspects,
User acceptance of security policies and technologies,http://data.jrc.ec.europa.eu/ontology/cybersecurity/user_acceptance_security_policies-technologies,user_acceptance_security_policies-technologies,,,http://data.jrc.ec.europa.eu/ontology/cybersecurity/cybersecurity-taxonomy; http://data.jrc.ec.europa.eu/ontology/cybersecurity/knowledge_domain,http://data.jrc.ec.europa.eu/ontology/cybersecurity/human_aspects,
Validation and comparison frameworks for security metrics,http://data.jrc.ec.europa.eu/ontology/cybersecurity/validation_comparison_frameworks_security_metrics,validation_comparison_frameworks_security_metrics,,,http://data.jrc.ec.europa.eu/ontology/cybersecurity/cybersecurity-taxonomy; http://data.jrc.ec.europa.eu/ontology/cybersecurity/knowledge_domain,http://data.jrc.ec.europa.eu/ontology/cybersecurity/security_measurements,
Vehicular Systems,http://data.jrc.ec.europa.eu/ontology/cybersecurity/vehicular_systems,vehicular_systems,,,http://data.jrc.ec.europa.eu/ontology/cybersecurity/cybersecurity-taxonomy; http://data.jrc.ec.europa.eu/ontology/cybersecurity/technology,,
Vocational training,http://data.jrc.ec.europa.eu/ontology/cybersecurity/vocational_training,vocational_training,,,http://data.jrc.ec.europa.eu/ontology/cybersecurity/cybersecurity-taxonomy; http://data.jrc.ec.europa.eu/ontology/cybersecurity/knowledge_domain,http://data.jrc.ec.europa.eu/ontology/cybersecurity/education_training,
Vulnerability analysis and response,http://data.jrc.ec.europa.eu/ontology/cybersecurity/vulnerability_analysis_response,vulnerability_analysis_response,,,http://data.jrc.ec.europa.eu/ontology/cybersecurity/cybersecurity-taxonomy; http://data.jrc.ec.europa.eu/ontology/cybersecurity/knowledge_domain,http://data.jrc.ec.europa.eu/ontology/cybersecurity/incident_handling_digital_forensics,
Vulnerability discovery and penetration testing,http://data.jrc.ec.europa.eu/ontology/cybersecurity/vulnerability_discovery_penetration_testing,vulnerability_discovery_penetration_testing,,,http://data.jrc.ec.europa.eu/ontology/cybersecurity/cybersecurity-taxonomy; http://data.jrc.ec.europa.eu/ontology/cybersecurity/knowledge_domain,http://data.jrc.ec.europa.eu/ontology/cybersecurity/software_hardware_security_engineering,
